created_at,device_type,end_time,fitness_discipline,has_pedaling_metrics,has_leaderboard_metrics,id,is_total_work_personal_record,metrics_type,name,peloton_id,platform,start_time,status,timezone,title,total_work,user_id,workout_type,total_video_watch_time_seconds,total_video_buffering_seconds,v2_total_video_watch_time_seconds,v2_total_video_buffering_seconds,total_music_audio_play_seconds,total_music_audio_buffer_seconds,created,device_time_created_at,strava_id,fitbit_id,effort_zones,instructor_name,workout_timestamp,workout: day of week,workout: time of day,workout: month and year
1643561170.0,home_bike_v1,1643563930.0,cycling,True,True,ec7338564c5a48b3994dad826656b59e,False,cycling,Cycling Workout,1a37b5882ccf46139c065e18c37eebd1,home_bike,1643561231.0,COMPLETE,America/New_York,,355620.47,f9d3ca99fd5148dd89ecd7aa47bdb1c3,class,2728.0,3.0,,,,,1643561170.0,1643543170.0,,,,Ally Love,2022-01-30 16:46,Sunday,early afternoon,January-22
1642685402.0,home_bike_v1,1642688161.0,cycling,True,True,9e683264c2aa4f908352aafb61c85b66,False,cycling,Cycling Workout,f398614d9f9448fdad7e7879ce509aac,home_bike,1642685463.0,COMPLETE,America/New_York,,641654.59,f9d3ca99fd5148dd89ecd7aa47bdb1c3,class,2656.0,75.0,,,,,1642685402.0,1642667402.0,,,,Christian Vande Velde,2022-01-20 13:30,Thursday,early afternoon,January-22
1636668892.0,home_bike_v1,1636670856.0,cycling,True,True,bf411c61bbc249fcad2124dea1810a3e,False,cycling,Cycling Workout,f8c723b3c22143a88d361bb98358d1f7,home_bike,1636668952.0,COMPLETE,America/New_York,,429888.23,f9d3ca99fd5148dd89ecd7aa47bdb1c3,class,1947.0,4.0,,,,,1636668892.0,1636650892.0,,,,Matt Wilpers,2021-11-11 22:14,Thursday,late night,November-21
1636668319.0,home_bike_v1,1636668769.0,cycling,True,True,08d38809cdf94761a292f64c31529045,False,cycling,Cycling Workout,13a55af1655d44ce8418de11b7242d16,home_bike,1636668321.0,COMPLETE,America/New_York,,24685.11,f9d3ca99fd5148dd89ecd7aa47bdb1c3,class,158.0,114.0,,,,,1636668319.0,1636650319.0,,,,Jenn Sherman,2021-11-11 22:05,Thursday,late night,November-21
1635949463.0,home_bike_v1,1635952222.0,cycling,True,True,200f1f4765c94d73a2d2cdb08226894d,False,cycling,Cycling Workout,7f444411044f4dcdb6070962f77c038b,home_bike,1635949525.0,COMPLETE,America/New_York,,369338.99,f9d3ca99fd5148dd89ecd7aa47bdb1c3,class,2731.0,0.0,,,,,1635949463.0,1635935063.0,,,,Matt Wilpers,2021-11-03 14:24,Wednesday,early afternoon,November-21
1618351684.0,home_bike_v1,1618353543.0,cycling,True,True,fa1e426f659e4762905b47ff2f227b7a,False,cycling,Cycling Workout,955a35fdc40b42ac94692f46efb57c9f,home_bike,1618351753.0,COMPLETE,America/New_York,,167873.89,f9d3ca99fd5148dd89ecd7aa47bdb1c3,class,1829.0,2.0,,,,,1618351684.0,1618337284.0,,,,Christian Vande Velde,2021-04-13 22:08,Tuesday,late night,April-21
1618350633.0,home_bike_v1,1618350818.0,cycling,True,True,b905e10668bf4694911a1109d49711e4,False,cycling,Cycling Workout,db473bcdf3e8427d9a65468691f660b6,home_bike,1618350696.0,COMPLETE,America/New_York,,8123.08,f9d3ca99fd5148dd89ecd7aa47bdb1c3,class,151.0,0.0,,,,,1618350633.0,1618336233.0,,,,Ally Love,2021-04-13 21:50,Tuesday,late night,April-21
1615415327.0,home_bike_v1,1615415626.0,stretching,False,False,81c6327a12d74b4b9e2259451c49cf94,False,,Stretching Workout,14ea8f6857564f5095fdd95f8714a23a,home_bike,1615415331.0,COMPLETE,America/New_York,,0.0,f9d3ca99fd5148dd89ecd7aa47bdb1c3,class,271.0,0.0,,,,,1615415327.0,1615397327.0,,,,Hannah Frankson,2021-03-10 22:28,Wednesday,late night,March-21
1615412453.0,home_bike_v1,1615415213.0,cycling,True,True,9fda3d2a2ac94e4f89d9ff48ca1ec7e3,False,cycling,Cycling Workout,eb9d3954def2436c9ed0d3bdba6f2387,home_bike,1615412515.0,COMPLETE,America/New_York,,298272.78,f9d3ca99fd5148dd89ecd7aa47bdb1c3,class,2728.0,3.0,,,,,1615412453.0,1615394453.0,,,,Ally Love,2021-03-10 21:40,Wednesday,late night,March-21
1613318215.0,home_bike_v1,1613321874.0,cycling,True,True,19ebf4b2abcf49fc99704ba2d0c8b372,False,cycling,Cycling Workout,f33c6bdcd5bf4cf1a3de9c6b12d6399f,home_bike,1613318277.0,COMPLETE,America/New_York,,485652.67,f9d3ca99fd5148dd89ecd7aa47bdb1c3,class,3436.0,195.0,,,,,1613318215.0,1613300215.0,,,,Matt Wilpers,2021-02-14 15:56,Sunday,early afternoon,February-21
1613139668.0,home_bike_v1,1613141776.0,cycling,True,True,12008a8bc4a844a9baa3ac31fff8122a,False,cycling,Cycling Workout,3fae6afb451e44df9d6b2e175198f920,home_bike,1613139731.0,COMPLETE,America/New_York,,239547.13,f9d3ca99fd5148dd89ecd7aa47bdb1c3,class,2097.0,4.0,,,,,1613139668.0,1613121668.0,,,,Ally Love,2021-02-12 14:21,Friday,early afternoon,February-21
1612712231.0,home_bike_v1,1612714091.0,cycling,True,True,614823664fdf472791f4d856fe358a5b,False,cycling,Cycling Workout,179dcdac57af4e2a942cd2aef06d6fff,home_bike,1612712295.0,COMPLETE,America/New_York,,236436.05,f9d3ca99fd5148dd89ecd7aa47bdb1c3,class,1826.0,5.0,,,,,1612712231.0,1612694231.0,,,,Matt Wilpers,2021-02-07 15:37,Sunday,early afternoon,February-21
1611855870.0,home_bike_v1,1611857730.0,cycling,True,True,20cd399f836a491981fcfd41ad23aa5a,False,cycling,Cycling Workout,c5b6daf2ae5f426688fe50defb332110,home_bike,1611855935.0,COMPLETE,America/New_York,,233124.19,f9d3ca99fd5148dd89ecd7aa47bdb1c3,class,1826.0,5.0,,,,,1611855870.0,1611837870.0,,,,Alex Toussaint,2021-01-28 17:44,Thursday,evening,January-21
1611063193.0,home_bike_v1,1611065403.0,cycling,True,True,50dadbae507046edb22438e9bb520241,False,cycling,Cycling Workout,80ece57dc8444826b645ac1719fc8fb5,home_bike,1611063255.0,COMPLETE,America/New_York,,269818.74,f9d3ca99fd5148dd89ecd7aa47bdb1c3,class,2191.0,0.0,,,,,1611063193.0,1611045193.0,,,,Alex Toussaint,2021-01-19 13:33,Tuesday,early afternoon,January-21
1610632932.0,home_bike_v1,1610634599.0,cycling,True,True,9418204072fc4c9c811f6e51047982e7,False,cycling,Cycling Workout,05d83bd1ba1f4d109268a330a892137b,home_bike,1610632935.0,COMPLETE,America/New_York,,218676.93,f9d3ca99fd5148dd89ecd7aa47bdb1c3,class,1651.0,0.0,,,,,1610632932.0,1610614932.0,,,,Sam Yo,2021-01-14 14:02,Thursday,early afternoon,January-21
1610296188.0,home_bike_v1,1610298948.0,cycling,True,True,3eeaeedac6864d5686f3a0864a6b5135,False,cycling,Cycling Workout,2de1e01694ad45789fba7e78a8459b5a,home_bike,1610296258.0,COMPLETE,America/New_York,,349440.3,f9d3ca99fd5148dd89ecd7aa47bdb1c3,class,2731.0,0.0,,,,,1610296188.0,1610278188.0,,,,Alex Toussaint,2021-01-10 16:29,Sunday,early afternoon,January-21
1610027175.0,home_bike_v1,1610029034.0,cycling,True,True,90d94356ca3a43b48fa4cab5213e298c,False,cycling,Cycling Workout,7bf15707d37c4847b79b5e26220c3090,home_bike,1610027240.0,COMPLETE,America/New_York,,233849.38,f9d3ca99fd5148dd89ecd7aa47bdb1c3,class,1824.0,7.0,,,,,1610027175.0,1610009175.0,,,,Robin Arzón,2021-01-07 13:46,Thursday,early afternoon,January-21
1608663709.0,home_bike_v1,1608664967.0,cycling,True,True,88576f4c261e44acb0e28d215a9cdd73,False,cycling,Cycling Workout,099637e5aa514bdd8aa13a5503e8dd49,home_bike,1608663769.0,COMPLETE,America/New_York,,271177.09,f9d3ca99fd5148dd89ecd7aa47bdb1c3,class,1231.0,0.0,,,,,1608663709.0,1608645709.0,,,,Alex Toussaint,2020-12-22 19:01,Tuesday,evening,December-20
1608661639.0,home_bike_v1,1608663651.0,cycling,True,True,8e4f093fbfb94c05a353e4dfe9223947,False,cycling,Cycling Workout,a683b5dadfa24f53a7226c97b33ec65f,home_bike,1608661862.0,COMPLETE,America/New_York,,148832.78,f9d3ca99fd5148dd89ecd7aa47bdb1c3,class,1831.0,0.0,,,,,1608661639.0,1608643639.0,,,,Leanne Hainsby,2020-12-22 18:27,Tuesday,evening,December-20
1608582690.0,home_bike_v1,1608585449.0,cycling,True,True,5844bccb3aea42cb8b7c343c9e779b7b,True,cycling,Cycling Workout,d90d2a0c6030443ab9442c580996e857,home_bike,1608582754.0,COMPLETE,America/New_York,,768138.28,f9d3ca99fd5148dd89ecd7aa47bdb1c3,class,2731.0,0.0,,,,,1608582690.0,1608564690.0,,,,Matt Wilpers,2020-12-21 20:31,Monday,evening,December-20
1608395589.0,home_bike_v1,1608397168.0,cycling,True,True,2e4dc800fccb47268a9edcfcac97bd93,False,cycling,Cycling Workout,07f86545656940cba0d0ffef47759be8,home_bike,1608395663.0,COMPLETE,America/New_York,,215124.05,f9d3ca99fd5148dd89ecd7aa47bdb1c3,class,1560.0,1.0,,,,,1608395589.0,1608377589.0,,,,Kendall Toole,2020-12-19 16:33,Saturday,early afternoon,December-20
1608136344.0,home_bike_v1,1608138050.0,cycling,True,True,fb2be93946de4b6ea9e7cdad0855eb5d,False,cycling,Cycling Workout,1ad6a738173047879c1e49cb5698e8b6,home_bike,1608136348.0,COMPLETE,America/New_York,,410210.98,f9d3ca99fd5148dd89ecd7aa47bdb1c3,class,1681.0,0.0,,,,,1608136344.0,1608118344.0,,,,Robin Arzón,2020-12-16 16:32,Wednesday,early afternoon,December-20
1608134756.0,home_bike_v1,1608136310.0,cycling,True,True,58a2aca3a444480f851b4264f8242557,False,cycling,Cycling Workout,e642ea7f539a4513814e3e310a532a7c,home_bike,1608134817.0,COMPLETE,America/New_York,,256136.49,f9d3ca99fd5148dd89ecd7aa47bdb1c3,class,1529.0,2.0,,,,,1608134756.0,1608116756.0,,,,Matt Wilpers,2020-12-16 16:05,Wednesday,early afternoon,December-20
1607957225.0,home_bike_v1,1607958485.0,cycling,True,True,d3c47c2dc7df4d3982cf531499f8a69a,False,cycling,Cycling Workout,327ee881636440b1bd4dd3738f488a3a,home_bike,1607957287.0,COMPLETE,America/New_York,,298060.88,f9d3ca99fd5148dd89ecd7aa47bdb1c3,class,1231.0,0.0,,,,,1607957225.0,1607939225.0,,,,Matt Wilpers,2020-12-14 14:47,Monday,early afternoon,December-20
1607955229.0,home_bike_v1,1607957089.0,cycling,True,True,06d922ce6a29484b8c4efff8616a6012,False,cycling,Cycling Workout,1f1a9c60b3b44253be7c91ba02e9901e,home_bike,1607955292.0,COMPLETE,America/New_York,,335145.43,f9d3ca99fd5148dd89ecd7aa47bdb1c3,class,1829.0,2.0,,,,,1607955229.0,1607937229.0,,,,Matt Wilpers,2020-12-14 14:13,Monday,early afternoon,December-20
1603131564.0,home_bike_v1,1603133423.0,cycling,True,True,38d4dd1ca04843e0854cbc3cc807c646,False,cycling,Cycling Workout,5bb018e9c3cd4d1ead2e105d8d349e33,home_bike,1603131625.0,COMPLETE,America/New_York,,250554.86,f9d3ca99fd5148dd89ecd7aa47bdb1c3,class,1828.0,3.0,,,,,1603131564.0,1603117164.0,,,,Alex Toussaint,2020-10-19 18:19,Monday,evening,October-20
1602349572.0,home_bike_v1,1602352630.0,cycling,True,True,3833407f8a664a5da3d11fba7515155b,False,cycling,Cycling Workout,d823a54a8cba46a898f4705a7b51fc7c,home_bike,1602349636.0,COMPLETE,America/New_York,,422363.79,f9d3ca99fd5148dd89ecd7aa47bdb1c3,class,2534.0,348.0,,,,,1602349572.0,1602335172.0,,,,Matt Wilpers,2020-10-10 17:06,Saturday,evening,October-20
1602254015.0,home_bike_v1,1602255875.0,cycling,True,True,2e797baf52f247e9a0c12ebb34b07ead,False,cycling,Cycling Workout,9bb9655bc7744f6fa81647c4cecfcf6d,home_bike,1602254078.0,COMPLETE,America/New_York,,282758.85,f9d3ca99fd5148dd89ecd7aa47bdb1c3,class,1829.0,2.0,,,,,1602254015.0,1602239615.0,,,,Matt Wilpers,2020-10-09 14:33,Friday,early afternoon,October-20
1599852386.0,home_bike_v1,1599854246.0,cycling,True,True,c4ec393ebff84c20899302ecb27ac49f,False,cycling,Cycling Workout,1f911b6c20e444b889e167b7d1f96f34,home_bike,1599852449.0,COMPLETE,America/New_York,,217214.54,f9d3ca99fd5148dd89ecd7aa47bdb1c3,class,1828.0,3.0,,,,,1599852386.0,1599837986.0,,,,Ally Love,2020-09-11 19:26,Friday,evening,September-20
1598647831.0,home_bike_v1,1598648204.0,cycling,True,True,912aa9a75b7d4100a7ceaed360ff0799,False,cycling,Cycling Workout,f442a388f596414f843030d9a33cf70c,home_bike,1598647893.0,COMPLETE,America/New_York,,13542.7,f9d3ca99fd5148dd89ecd7aa47bdb1c3,class,361.0,0.0,,,,,1598647831.0,1598633431.0,,,,Tunde Oyeneyin,2020-08-28 20:50,Friday,evening,August-20
1598647703.0,home_bike_v1,1598647793.0,cycling,True,True,c5a17b483fed410e8e0369022df5a9eb,False,cycling,Cycling Workout,c094a578d7ba4166a5a56e5c933bd910,home_bike,1598647779.0,COMPLETE,America/New_York,,687.78,f9d3ca99fd5148dd89ecd7aa47bdb1c3,class,61.0,0.0,,,,,1598647703.0,1598633303.0,,,,Christian Vande Velde,2020-08-28 20:48,Friday,evening,August-20
1596575522.0,home_bike_v1,1596575823.0,meditation,False,False,852915624eba4dcfa8979f66fb61f01e,False,,Meditation Workout,e169ef123b84413bbdf9596c58394c8b,home_bike,1596575523.0,COMPLETE,America/New_York,,0.0,f9d3ca99fd5148dd89ecd7aa47bdb1c3,class,0.0,0.0,,,,,1596575522.0,1596561122.0,,,,Chelsea Jackson Roberts,2020-08-04 21:12,Tuesday,late night,August-20
1596575467.0,home_bike_v1,1596575768.0,meditation,False,False,312fdaf01e104ba6aac1c9f0b7f64040,False,,Meditation Workout,70345044c67c4bfa8f7ba604b32e0961,home_bike,1596575468.0,COMPLETE,America/New_York,,0.0,f9d3ca99fd5148dd89ecd7aa47bdb1c3,class,0.0,0.0,,,,,1596575467.0,1596561067.0,,,,Cody Rigsby,2020-08-04 21:11,Tuesday,late night,August-20
1596575109.0,home_bike_v1,1596575169.0,cycling,True,True,67c0a99c574b4135940774c0d7df0ee5,False,cycling,Cycling Workout,8719241296ab4137bfc7e15dfec0d073,home_bike,1596575169.0,COMPLETE,America/New_York,,0.0,f9d3ca99fd5148dd89ecd7aa47bdb1c3,class,31.0,0.0,,,,,1596575109.0,1596560709.0,,,,Christian Vande Velde,2020-08-04 21:05,Tuesday,late night,August-20
1596232821.0,home_bike_v1,1596234680.0,cycling,True,True,2b304ed85b574c44b0ab1e34fe10d241,False,cycling,Cycling Workout,39715eb62ba9409788c88933ac5ae98e,home_bike,1596232883.0,COMPLETE,America/New_York,,294092.88,f9d3ca99fd5148dd89ecd7aa47bdb1c3,class,1818.0,13.0,,,,,1596232821.0,1596218421.0,,,,Matt Wilpers,2020-07-31 22:00,Friday,late night,July-20
1596213979.0,home_bike_v1,1596214279.0,stretching,False,False,3eabb6a361ea4f9eb20becf203a4f8e6,False,,Stretching Workout,64a9d6841e074f4aa1eb49ead8be3a1a,home_bike,1596213982.0,COMPLETE,America/New_York,,0.0,f9d3ca99fd5148dd89ecd7aa47bdb1c3,class,271.0,0.0,,,,,1596213979.0,1596199579.0,,,,Hannah Frankson,2020-07-31 16:46,Friday,early afternoon,July-20
1596211843.0,home_bike_v1,1596213703.0,cycling,True,True,2b0e2ca2413440d88e06ff6bda6bd265,False,cycling,Cycling Workout,8a1c95bd25f040f4aded486aa7d95068,home_bike,1596211906.0,COMPLETE,America/New_York,,219655.42,f9d3ca99fd5148dd89ecd7aa47bdb1c3,class,1828.0,3.0,,,,,1596211843.0,1596197443.0,,,,Ally Love,2020-07-31 16:10,Friday,early afternoon,July-20
1592656610.0,home_bike_v1,1592658470.0,cycling,True,True,9f4932b5d35b4c049acd8e7703421c7c,False,cycling,Cycling Workout,0d9f2edb11184f8e967de123cd44162f,home_bike,1592656674.0,COMPLETE,America/New_York,,261740.87,f9d3ca99fd5148dd89ecd7aa47bdb1c3,class,1823.0,8.0,,,,,1592656610.0,1592642210.0,,,,Alex Toussaint,2020-06-20 12:36,Saturday,early afternoon,June-20
1592314311.0,home_bike_v1,1592316171.0,cycling,True,True,a0fe1019c882430a9385efea9eb06f5a,False,cycling,Cycling Workout,486d22af8f4b48f49835a2efafad370c,home_bike,1592314373.0,COMPLETE,America/New_York,,236098.03,f9d3ca99fd5148dd89ecd7aa47bdb1c3,class,1827.0,4.0,,,,,1592314311.0,1592299911.0,,,,Robin Arzón,2020-06-16 13:31,Tuesday,early afternoon,June-20
1591278590.0,home_bike_v1,1591280449.0,cycling,True,True,6dad469fec3a4a6b8efd9421fb539b08,False,cycling,Cycling Workout,86db96dc08ab40508de33f3175c3be37,home_bike,1591278658.0,COMPLETE,America/New_York,,250323.56,f9d3ca99fd5148dd89ecd7aa47bdb1c3,class,1794.0,37.0,,,,,1591278590.0,1591264190.0,,,,Ally Love,2020-06-04 13:49,Thursday,early afternoon,June-20
1590502200.0,home_bike_v1,1590504059.0,cycling,True,True,685f04378e9942368db29ad62a17adfe,False,cycling,Cycling Workout,5f85f3911ae2461da6f8a8cace80c20f,home_bike,1590502261.0,COMPLETE,America/New_York,,270526.75,f9d3ca99fd5148dd89ecd7aa47bdb1c3,class,1816.0,15.0,,,,,1590502200.0,1590487800.0,,,,Alex Toussaint,2020-05-26 14:10,Tuesday,early afternoon,May-20
1590502092.0,home_bike_v1,1590502152.0,cycling,True,True,c231ff4acf6744c6a8d4176da166af5c,False,cycling,Cycling Workout,7cec8ac20db64387acd7c26a63247454,home_bike,1590502152.0,COMPLETE,America/New_York,,0.0,f9d3ca99fd5148dd89ecd7aa47bdb1c3,class,0.0,0.0,,,,,1590502092.0,1590487692.0,,,,Matt Wilpers,2020-05-26 14:08,Tuesday,early afternoon,May-20
1589045937.0,home_bike_v1,1589046236.0,stretching,False,False,2b0c8f657e8c41f4a130d769a80f6998,False,,Stretching Workout,c4a517a2067747d284c3bfa93af3bf4b,home_bike,1589045941.0,COMPLETE,America/New_York,,0.0,f9d3ca99fd5148dd89ecd7aa47bdb1c3,class,270.0,1.0,,,,,1589045937.0,1589031537.0,,,,Hannah Frankson,2020-05-09 17:38,Saturday,evening,May-20
1589045474.0,home_bike_v1,1589045774.0,cycling,True,True,d77668b89fe447deaa5941435cdb539c,True,cycling,Cycling Workout,cd61fb3acff54eff90c205c6ab3b2d5f,home_bike,1589045479.0,COMPLETE,America/New_York,,23409.87,f9d3ca99fd5148dd89ecd7aa47bdb1c3,class,271.0,0.0,,,,,1589045474.0,1589031074.0,,,,Hannah Frankson,2020-05-09 17:31,Saturday,evening,May-20
1589042473.0,home_bike_v1,1589045233.0,cycling,True,True,a8607997e3564499ba342867cd971f0b,False,cycling,Cycling Workout,f8f3bed8738246f9aea33b6900eb45d8,home_bike,1589042534.0,COMPLETE,America/New_York,,299767.5,f9d3ca99fd5148dd89ecd7aa47bdb1c3,class,2731.0,0.0,,,,,1589042473.0,1589028073.0,,,,Hannah Frankson,2020-05-09 16:41,Saturday,early afternoon,May-20
1588983425.0,home_bike_v1,1588983582.0,cycling,True,True,545bd952f0e540b1a716e1fc54358697,False,cycling,Cycling Workout,586cfcec04544b51b7bf26bc0b74bf7a,home_bike,1588983429.0,COMPLETE,America/New_York,,9933.54,f9d3ca99fd5148dd89ecd7aa47bdb1c3,class,121.0,0.0,,,,,1588983425.0,1588969025.0,,,,Tunde Oyeneyin,2020-05-09 00:17,Saturday,early morning,May-20
1588779298.0,home_bike_v1,1588779598.0,stretching,False,False,99aeeb263e134cc88c204690da261789,False,,Stretching Workout,dc44039dad26452e9b158f348c063b53,home_bike,1588779303.0,COMPLETE,America/New_York,,0.0,f9d3ca99fd5148dd89ecd7aa47bdb1c3,class,271.0,0.0,,,,,1588779298.0,1588764898.0,,,,Hannah Frankson,2020-05-06 15:34,Wednesday,early afternoon,May-20
1588777304.0,home_bike_v1,1588779163.0,cycling,True,True,a0331f15374d47b7b5df93a39e187096,False,cycling,Cycling Workout,767b975646c647fe8b265e24402e1dc0,home_bike,1588777365.0,COMPLETE,America/New_York,,202220.45,f9d3ca99fd5148dd89ecd7aa47bdb1c3,class,1831.0,0.0,,,,,1588777304.0,1588762904.0,,,,Hannah Frankson,2020-05-06 15:01,Wednesday,early afternoon,May-20
1588776586.0,home_bike_v1,1588777018.0,cycling,True,True,8e489579cbec423cbec92900014bb202,False,cycling,Cycling Workout,72b4f512f0b44ae9932dc27350115d79,home_bike,1588776650.0,COMPLETE,America/New_York,,4112.74,f9d3ca99fd5148dd89ecd7aa47bdb1c3,class,302.0,0.0,,,,,1588776586.0,1588762186.0,,,,Alex Toussaint,2020-05-06 14:49,Wednesday,early afternoon,May-20
1587840988.0,home_bike_v1,1587841514.0,cycling,True,True,6dff443a6ecd4ea98a8cf1fb3b5e6de2,False,cycling,Cycling Workout,1332ba0993dd40e2ac32e4c852643cf0,home_bike,1587841050.0,COMPLETE,America/New_York,,14865.04,f9d3ca99fd5148dd89ecd7aa47bdb1c3,class,301.0,1.0,,,,,1587840988.0,1587826588.0,,,,Robin Arzón,2020-04-25 18:56,Saturday,evening,April-20
1587840708.0,home_bike_v1,1587840954.0,cycling,True,True,87e12c2b70dc4c418b0638aebb3022a8,False,cycling,Cycling Workout,e953f18bf31e40c58e69f1b930177397,home_bike,1587840770.0,COMPLETE,America/New_York,,4918.15,f9d3ca99fd5148dd89ecd7aa47bdb1c3,class,241.0,0.0,,,,,1587840708.0,1587826308.0,,,,Alex Toussaint,2020-04-25 18:51,Saturday,evening,April-20
1587830671.0,home_bike_v1,1587831931.0,cycling,True,True,11009d87c7f94dc08119dceeed663bb8,False,cycling,Cycling Workout,ee19a5f4ca1c4218aff04848ff7cbc54,home_bike,1587830733.0,COMPLETE,America/New_York,,75544.79,f9d3ca99fd5148dd89ecd7aa47bdb1c3,class,1231.0,0.0,,,,,1587830671.0,1587816271.0,,,,Kendall Toole,2020-04-25 16:04,Saturday,early afternoon,April-20
1587410655.0,home_bike_v1,1587412515.0,cycling,True,True,584bbdc1d68847c79caca27f14a7f139,False,cycling,Cycling Workout,14045a6d4e1148e1822a7f12e5307ac2,home_bike,1587410717.0,COMPLETE,America/New_York,,119228.75,f9d3ca99fd5148dd89ecd7aa47bdb1c3,class,1831.0,0.0,,,,,1587410655.0,1587396255.0,,,,Ally Love,2020-04-20 19:24,Monday,evening,April-20
1587310570.0,home_bike_v1,1587312406.0,cycling,True,True,1f581d8e1ee34d0fb35afa69260413a9,False,cycling,Cycling Workout,f956bd79526e4535832ed2535781f068,home_bike,1587310635.0,COMPLETE,America/New_York,,305368.02,f9d3ca99fd5148dd89ecd7aa47bdb1c3,class,1672.0,159.0,,,,,1587310570.0,1587296170.0,,,,Matt Wilpers,2020-04-19 15:36,Sunday,early afternoon,April-20
1587308412.0,home_bike_v1,1587310312.0,cycling,True,True,d262d89ae1544f9d9bdc88e1077b9660,False,cycling,Cycling Workout,3dc7859be5504c5aa5aa87a17d3cfc63,home_bike,1587308474.0,COMPLETE,America/New_York,,330781.81,f9d3ca99fd5148dd89ecd7aa47bdb1c3,class,1862.0,29.0,,,,,1587308412.0,1587294012.0,,,,Christian Vande Velde,2020-04-19 15:00,Sunday,early afternoon,April-20
1587136502.0,home_bike_v1,1587137762.0,cycling,True,True,f3227da28ec24efdb6076790c189b25c,True,cycling,Cycling Workout,a7ef137fc2b84604b0429160965ff10a,home_bike,1587136564.0,COMPLETE,America/New_York,,404570.32,f9d3ca99fd5148dd89ecd7aa47bdb1c3,class,1231.0,0.0,,,,,1587136502.0,1587122102.0,,,,Matt Wilpers,2020-04-17 15:15,Friday,early afternoon,April-20
1587135609.0,home_bike_v1,1587136269.0,cycling,True,True,90f76d071a354f0985bdf7a81fe9c53d,True,cycling,Cycling Workout,bb3c524e9a17441ca9214f03720ebb06,home_bike,1587135671.0,COMPLETE,America/New_York,,141768.54,f9d3ca99fd5148dd89ecd7aa47bdb1c3,class,631.0,0.0,,,,,1587135609.0,1587121209.0,,,,Olivia Amato,2020-04-17 15:00,Friday,early afternoon,April-20
1586701894.0,home_bike_v1,1586704653.0,cycling,True,True,5d8e7d9ab5c146d6b16ba85de80d4b6e,False,cycling,Cycling Workout,66733dbf5e5043f9837c0cb43a79a1f3,home_bike,1586701957.0,COMPLETE,America/New_York,,370462.41,f9d3ca99fd5148dd89ecd7aa47bdb1c3,class,2600.0,72.0,,,,,1586701894.0,1586687494.0,,,,Matt Wilpers,2020-04-12 14:31,Sunday,early afternoon,April-20
1585346418.0,home_bike_v1,1585348317.0,cycling,True,True,b2a9e5df0f364d7f8df171bd8cdf6e87,True,cycling,Cycling Workout,07bd5e5351ed42e4b2d15a1970235985,home_bike,1585346481.0,COMPLETE,America/New_York,,490995.97,f9d3ca99fd5148dd89ecd7aa47bdb1c3,class,1752.0,139.0,,,,,1585346418.0,1585332018.0,,,,Christian Vande Velde,2020-03-27 22:00,Friday,late night,March-20
1584546554.0,home_bike_v1,1584548414.0,cycling,True,True,54ab2aaf393d4488bc3cc087d40348a6,False,cycling,Cycling Workout,dd3581bd70cc40a59d0b85bad656b2bd,home_bike,1584546619.0,COMPLETE,America/New_York,,240313.49,f9d3ca99fd5148dd89ecd7aa47bdb1c3,class,1831.0,0.0,,,,,1584546554.0,1584532154.0,,,,Alex Toussaint,2020-03-18 15:49,Wednesday,early afternoon,March-20
1583589662.0,home_bike_v1,1583592350.0,cycling,True,True,b70ea29e78384ffbbd870fa89a32fbac,False,cycling,Cycling Workout,bab21131fa37414ab2a08e85dcc3e976,home_bike,1583589667.0,COMPLETE,America/New_York,,237898.78,f9d3ca99fd5148dd89ecd7aa47bdb1c3,class,2668.0,3.0,,,,,1583589662.0,1583571662.0,,,,Christian Vande Velde,2020-03-07 14:01,Saturday,early afternoon,March-20
1583245135.0,home_bike_v1,1583248273.0,cycling,True,True,3595a2235abd4ca295e3d3dc7883ac54,False,cycling,Cycling Workout,04ab8e4e755145b8b429dcf31860d098,home_bike,1583245199.0,COMPLETE,America/New_York,,389592.47,f9d3ca99fd5148dd89ecd7aa47bdb1c3,class,3117.0,4.0,,,,,1583245135.0,1583227135.0,,,,Matt Wilpers,2020-03-03 14:18,Tuesday,early afternoon,March-20
1582724511.0,home_bike_v1,1582726411.0,cycling,True,True,8d6517e90aba4eaaba6068d38c1bdb66,False,cycling,Cycling Workout,34fe8dcfbc304d1fb70f2c7e0d80d59a,home_bike,1582724573.0,COMPLETE,America/New_York,,232155.5,f9d3ca99fd5148dd89ecd7aa47bdb1c3,class,1891.0,0.0,,,,,1582724511.0,1582706511.0,,,,Christian Vande Velde,2020-02-26 13:41,Wednesday,early afternoon,February-20
1581437221.0,home_bike_v1,1581439981.0,cycling,True,True,f09a2614f6c842dc9ffd40bbf6e2d865,False,cycling,Cycling Workout,25aed782227d4a03b3d7336dd3db769a,home_bike,1581437283.0,COMPLETE,America/New_York,,274879.49,f9d3ca99fd5148dd89ecd7aa47bdb1c3,class,2659.0,72.0,,,,,1581437221.0,1581419221.0,,,,Robin Arzón,2020-02-11 16:07,Tuesday,early afternoon,February-20
1580392847.0,home_bike_v1,1580394707.0,cycling,True,True,7988c9d0f29e4ba9a26402891bae9403,False,cycling,Cycling Workout,ffef3b2b8a4640f8b5f2585168b05c10,home_bike,1580392911.0,COMPLETE,America/New_York,,236081.63,f9d3ca99fd5148dd89ecd7aa47bdb1c3,class,1828.0,3.0,,,,,1580392847.0,1580374847.0,,,,Matt Wilpers,2020-01-30 14:00,Thursday,early afternoon,January-20
1579616912.0,home_bike_v1,1579617529.0,cycling,True,True,62e1f3a0a9f548d1843ba686fb09bd09,False,cycling,Cycling Workout,f8b4cbe85790418581e05b090396becc,home_bike,1579616973.0,COMPLETE,America/New_York,,57339.29,f9d3ca99fd5148dd89ecd7aa47bdb1c3,class,601.0,0.0,,,,,1579616912.0,1579598912.0,,,,Christian Vande Velde,2020-01-21 14:28,Tuesday,early afternoon,January-20
1579614895.0,home_bike_v1,1579616754.0,cycling,True,True,3be0ff42483140a2a046fad3c7302e0f,False,cycling,Cycling Workout,1b8f03a4b0c44136a3ee15babeb14d22,home_bike,1579614958.0,COMPLETE,America/New_York,,236158.28,f9d3ca99fd5148dd89ecd7aa47bdb1c3,class,1828.0,3.0,,,,,1579614895.0,1579596895.0,,,,Alex Toussaint,2020-01-21 13:54,Tuesday,early afternoon,January-20
1577031953.0,home_bike_v1,1577034713.0,cycling,True,True,f872fac4a91748d685448c2ff289da8b,False,cycling,Cycling Workout,d3b59bcb64b644be9b6c6b97f282dfed,home_bike,1577032016.0,COMPLETE,America/New_York,,334838.71,f9d3ca99fd5148dd89ecd7aa47bdb1c3,class,2729.0,2.0,,,,,1577031953.0,1577013953.0,,,,Alex Toussaint,2019-12-22 16:25,Sunday,early afternoon,December-19
1576103623.0,home_bike_v1,1576106150.0,cycling,True,True,c746e27a6e7e4e25bc1d2c6b0a0afac2,False,cycling,Cycling Workout,e4a1f2937edd4c8d922d1a9136aa4580,home_bike,1576103624.0,COMPLETE,America/New_York,,126815.67,f9d3ca99fd5148dd89ecd7aa47bdb1c3,class,2482.0,9.0,,,,,1576103623.0,1576085623.0,,,,Emma Lovewell,2019-12-11 22:33,Wednesday,late night,December-19
1576102540.0,home_bike_v1,1576103593.0,cycling,True,True,7f907b45ad4845c4b34c94614675b72e,False,cycling,Cycling Workout,3273e647a8314c08ad095b3134adce10,home_bike,1576102601.0,COMPLETE,America/New_York,,27410.84,f9d3ca99fd5148dd89ecd7aa47bdb1c3,class,1047.0,4.0,,,,,1576102540.0,1576084540.0,,,,Ally Love,2019-12-11 22:15,Wednesday,late night,December-19
1575991030.0,home_bike_v1,1575992889.0,cycling,True,True,a6fa7bb545c44365a65efa7b8f81658d,False,cycling,Cycling Workout,bdbd9fcd21e14595be97f5f7fba0faff,home_bike,1575991093.0,COMPLETE,America/New_York,,252440.91,f9d3ca99fd5148dd89ecd7aa47bdb1c3,class,1828.0,3.0,,,,,1575991030.0,1575973030.0,,,,Matt Wilpers,2019-12-10 15:17,Tuesday,early afternoon,December-19
1575554197.0,home_bike_v1,1575556957.0,cycling,True,True,e41241c609a547e0b103b3c11c241f9e,False,cycling,Cycling Workout,00e3cd9e34dc4a2890f35b88b869a3e9,home_bike,1575554261.0,COMPLETE,America/New_York,,364323.85,f9d3ca99fd5148dd89ecd7aa47bdb1c3,class,2730.0,1.0,,,,,1575554197.0,1575536197.0,,,,Kendall Toole,2019-12-05 13:56,Thursday,early afternoon,December-19
1574172717.0,home_bike_v1,1574174913.0,cycling,True,True,4ae592b322534fd0bf2eada214ca344f,False,cycling,Cycling Workout,194334947bb14cd998809f9b6137d7ce,home_bike,1574172780.0,COMPLETE,America/New_York,,253500.38,f9d3ca99fd5148dd89ecd7aa47bdb1c3,class,2187.0,4.0,,,,,1574172717.0,1574154717.0,,,,Christian Vande Velde,2019-11-19 14:11,Tuesday,early afternoon,November-19
1573914516.0,home_bike_v1,1573916376.0,cycling,True,True,21da9ba16d814e1197ebd0f444607e9a,False,cycling,Cycling Workout,3f3b32c392c949d0b59815c3b54ee6ce,home_bike,1573914580.0,COMPLETE,America/New_York,,253826.14,f9d3ca99fd5148dd89ecd7aa47bdb1c3,class,1829.0,2.0,,,,,1573914516.0,1573896516.0,,,,Matt Wilpers,2019-11-16 14:28,Saturday,early afternoon,November-19
1573777390.0,home_bike_v1,1573778327.0,cycling,True,True,da4142959d5b47b798300d7f83de1fdf,False,cycling,Cycling Workout,2e57031a87d240f59f8fa72c8991bfa9,home_bike,1573777851.0,COMPLETE,America/New_York,,23334.58,f9d3ca99fd5148dd89ecd7aa47bdb1c3,class,901.0,0.0,,,,,1573777390.0,1573759390.0,,,,Christian Vande Velde,2019-11-15 00:23,Friday,early morning,November-19
1571175687.0,home_bike_v1,1571177547.0,cycling,True,True,7476df5f2f10474c900889274440b8ea,False,cycling,Cycling Workout,a7d4e7974d43428aabcedeb783f90cac,home_bike,1571175749.0,COMPLETE,America/New_York,,180513.3,f9d3ca99fd5148dd89ecd7aa47bdb1c3,class,1831.0,0.0,,,,,1571175687.0,1571161287.0,,,,Kendall Toole,2019-10-15 21:41,Tuesday,late night,October-19
1568473106.0,home_bike_v1,1568473745.0,cycling,True,True,6987247dacd2410ea86001112a6d928b,False,cycling,Cycling Workout,44543804f97448308dab7da7f62bf128,home_bike,1568473167.0,COMPLETE,America/New_York,,34510.49,f9d3ca99fd5148dd89ecd7aa47bdb1c3,class,286.0,315.0,,,,,1568473106.0,1568458706.0,,,,Leanne Hainsby,2019-09-14 14:58,Saturday,early afternoon,September-19
1568471161.0,home_bike_v1,1568473020.0,cycling,True,True,f9a0458687b6421585972d9afabb6e68,False,cycling,Cycling Workout,2041e45878ec431a9543949fffe0575c,home_bike,1568471229.0,COMPLETE,America/New_York,,240537.03,f9d3ca99fd5148dd89ecd7aa47bdb1c3,class,1769.0,62.0,,,,,1568471161.0,1568456761.0,,,,Kendall Toole,2019-09-14 14:26,Saturday,early afternoon,September-19
1567514899.0,home_bike_v1,1567517659.0,cycling,True,True,152ccc1483d04dad8651cd8948b55152,False,cycling,Cycling Workout,27c05432274f4a28a1c38e388d899b6c,home_bike,1567514963.0,COMPLETE,America/New_York,,372816.21,f9d3ca99fd5148dd89ecd7aa47bdb1c3,class,2731.0,0.0,,,,,1567514899.0,1567500499.0,,,,Christian Vande Velde,2019-09-03 12:48,Tuesday,early afternoon,September-19
1566324407.0,home_bike_v1,1566327167.0,cycling,True,True,7cca53957bd641f486632711d6acfd40,False,cycling,Cycling Workout,c0ba3b46b2b04fcb913ffe089fd43bac,home_bike,1566324470.0,COMPLETE,America/New_York,,401058.09,f9d3ca99fd5148dd89ecd7aa47bdb1c3,class,2724.0,7.0,,,,,1566324407.0,1566310007.0,,,,Matt Wilpers,2019-08-20 18:06,Tuesday,evening,August-19
1560781803.0,home_bike_v1,1560784550.0,cycling,True,True,793e8b202b584c4da5cba93f6a1eb574,False,cycling,Cycling Workout,3b65fe30f2304eafaa4177e6ca6575b6,home_bike,1560781851.0,COMPLETE,America/New_York,,383922.05,f9d3ca99fd5148dd89ecd7aa47bdb1c3,class,2731.0,0.0,,,,,1560781803.0,1560767403.0,,,,Christian Vande Velde,2019-06-17 14:30,Monday,early afternoon,June-19
1551745895.0,home_bike_v1,1551748126.0,cycling,True,True,4a4efcf6cf564d688f0c59401d70162e,False,cycling,Cycling Workout,9862313fa6ff466b8e0f7f1fcddc75a6,home_bike,1551745903.0,COMPLETE,America/New_York,,287480.26,f9d3ca99fd5148dd89ecd7aa47bdb1c3,class,2191.0,0.0,,,,,1551745895.0,1551727895.0,,,,Christian Vande Velde,2019-03-05 00:31,Tuesday,early morning,March-19
1550942368.0,home_bike_v1,1550943800.0,cycling,True,True,606589b26697462fbd6d85ac45162d67,False,cycling,Cycling Workout,84e60bb3c421425d94667a11f56f341e,home_bike,1550942429.0,COMPLETE,America/New_York,,0.0,f9d3ca99fd5148dd89ecd7aa47bdb1c3,class,1411.0,0.0,,,,,1550942368.0,1550924368.0,,,,Ally Love,2019-02-23 17:19,Saturday,evening,February-19
1550010594.0,home_bike_v1,1550013353.0,cycling,True,True,d48c071c601c480db59e16af1eb4395e,False,cycling,Cycling Workout,1a48218be89f4c0a93c32524846480d3,home_bike,1550010656.0,COMPLETE,America/New_York,,477698.12,f9d3ca99fd5148dd89ecd7aa47bdb1c3,class,2731.0,0.0,,,,,1550010594.0,1549992594.0,,,,Matt Wilpers,2019-02-12 22:29,Tuesday,late night,February-19
1549922633.0,home_bike_v1,1549925393.0,cycling,True,True,f84574849a15462ca67d162f81f832a7,False,cycling,Cycling Workout,9aa104f43a4744a89401f06018e27e4c,home_bike,1549922695.0,COMPLETE,America/New_York,,434918.19,f9d3ca99fd5148dd89ecd7aa47bdb1c3,class,2659.0,72.0,,,,,1549922633.0,1549904633.0,,,,Christian Vande Velde,2019-02-11 22:03,Monday,late night,February-19
1549119815.0,home_bike_v1,1549121675.0,cycling,True,True,f2139401972b41b58445bec68b9e3969,False,cycling,Cycling Workout,cdc68b62883241aeaa238dc99bef8456,home_bike,1549119878.0,COMPLETE,America/New_York,,240003.92,f9d3ca99fd5148dd89ecd7aa47bdb1c3,class,1830.0,1.0,,,,,1549119815.0,1549101815.0,,,,Christian Vande Velde,2019-02-02 15:03,Saturday,early afternoon,February-19
1548707135.0,home_bike_v1,1548707688.0,cycling,True,True,4206c736b6bd45979aee3c7d226d8d16,False,cycling,Cycling Workout,5b6b40099a604375a08137246d26b820,commercial_bike,1548707196.0,COMPLETE,America/Denver,,27414.21,f9d3ca99fd5148dd89ecd7aa47bdb1c3,class,540.0,1.0,,,,,1548707135.0,1548681935.0,,,,Christian Vande Velde,2019-01-28 20:25,Monday,evening,January-19
1548705319.0,home_bike_v1,1548707121.0,cycling,True,True,6ea8e324130b4e639232045bc2b31f5c,False,cycling,Cycling Workout,a0f4739b5190488ba113436e1f3ab874,commercial_bike,1548705380.0,COMPLETE,America/Denver,,126418.48,f9d3ca99fd5148dd89ecd7aa47bdb1c3,class,1796.0,5.0,,,,,1548705319.0,1548680119.0,,,,Christian Vande Velde,2019-01-28 19:55,Monday,evening,January-19
1548283356.0,home_bike_v1,1548285216.0,cycling,True,True,8580244551004a5da6820ee387355354,False,cycling,Cycling Workout,c211b60b86e14f61805c33084890de40,home_bike,1548283418.0,COMPLETE,America/New_York,,294171.12,f9d3ca99fd5148dd89ecd7aa47bdb1c3,class,1830.0,1.0,,,,,1548283356.0,1548265356.0,,,,Alex Toussaint,2019-01-23 22:42,Wednesday,late night,January-19
1548206139.0,home_bike_v1,1548207998.0,cycling,True,True,5ce9854f9af7497ca9829e54be868a17,False,cycling,Cycling Workout,a366be6f47d048e6b96abd243865f908,home_bike,1548206199.0,COMPLETE,America/New_York,,383433.15,f9d3ca99fd5148dd89ecd7aa47bdb1c3,class,1816.0,15.0,,,,,1548206139.0,1548188139.0,,,,Matt Wilpers,2019-01-23 01:15,Wednesday,early morning,January-19
1547562505.0,home_bike_v1,1547564449.0,cycling,True,True,20e51ebd0639408ea9c9db36cdcf3927,False,cycling,Cycling Workout,daa718d35c6a4c0e8f1d5c3f98aa3730,home_bike,1547562652.0,COMPLETE,America/New_York,,261593.3,f9d3ca99fd5148dd89ecd7aa47bdb1c3,class,1921.0,0.0,,,,,1547562505.0,1547544505.0,,,,Jenn Sherman,2019-01-15 14:28,Tuesday,early afternoon,January-19
1547501345.0,home_bike_v1,1547503250.0,cycling,True,True,038575bcd3ed420da94fe423d20016da,False,cycling,Cycling Workout,eaed552d72e747fe8be94e527f2eae34,home_bike,1547501452.0,COMPLETE,America/New_York,,92064.15,f9d3ca99fd5148dd89ecd7aa47bdb1c3,class,1891.0,0.0,,,,,1547501345.0,1547483345.0,,,,Jess King,2019-01-14 21:29,Monday,late night,January-19
1546425777.0,home_bike_v1,1546427128.0,cycling,True,True,aba147515ef04970aba351a96facc793,False,cycling,Cycling Workout,4e46391b94a64fc487f6795bbb891e27,home_bike,1546425839.0,COMPLETE,America/New_York,,274940.94,f9d3ca99fd5148dd89ecd7aa47bdb1c3,class,1349.0,2.0,,,,,1546425777.0,1546407777.0,,,,Alex Toussaint,2019-01-02 10:42,Wednesday,morning,January-19
1546424474.0,home_bike_v1,1546425695.0,cycling,True,True,bcfe1ff6016b459eaace72f0efe4785b,False,cycling,Cycling Workout,b52252d566be49648d9cfa1386022f45,home_bike,1546424535.0,COMPLETE,America/New_York,,128705.93,f9d3ca99fd5148dd89ecd7aa47bdb1c3,class,1201.0,0.0,,,,,1546424474.0,1546406474.0,,,,Alex Toussaint,2019-01-02 10:21,Wednesday,morning,January-19
1546016459.0,home_bike_v1,1546019219.0,cycling,True,True,10165b2c055d4c55b9955491913af3c8,False,cycling,Cycling Workout,5d1f20809ba443a592b1eac82cc6fe83,home_bike,1546016520.0,COMPLETE,America/New_York,,611616.49,f9d3ca99fd5148dd89ecd7aa47bdb1c3,class,2731.0,0.0,,,,,1546016459.0,1545998459.0,,,,Alex Toussaint,2018-12-28 17:00,Friday,early afternoon,December-18
1545952342.0,home_bike_v1,1545954300.0,cycling,True,True,9e3cd7d0561a4e85862f631c70f77db5,False,cycling,Cycling Workout,f5e4c352048a48f19d3b360f1496f394,home_bike,1545952352.0,COMPLETE,America/New_York,,435827.56,f9d3ca99fd5148dd89ecd7aa47bdb1c3,class,1921.0,0.0,,,,,1545952342.0,1545934342.0,,,,Alex Toussaint,2018-12-27 23:12,Thursday,late night,December-18
1545176146.0,home_bike_v1,1545178005.0,cycling,True,True,2476c4eb84b246409eb69350ba091089,False,cycling,Cycling Workout,c27dd5481ca8419f8295ddb0140668c0,home_bike,1545176206.0,COMPLETE,America/New_York,,142195.39,f9d3ca99fd5148dd89ecd7aa47bdb1c3,class,1831.0,0.0,,,,,1545176146.0,1545158146.0,,,,Robin Arzón,2018-12-18 23:35,Tuesday,late night,December-18
1544899773.0,home_bike_v1,1544900415.0,cycling,True,True,4c4867ceb0c542749e69bdfd97ef8f71,False,cycling,Cycling Workout,b5f6f932a9db42208f21272787c8a862,home_bike,1544899834.0,COMPLETE,America/New_York,,123803.97,f9d3ca99fd5148dd89ecd7aa47bdb1c3,class,630.0,1.0,,,,,1544899773.0,1544881773.0,,,,Alex Toussaint,2018-12-15 18:49,Saturday,evening,December-18
1544897943.0,home_bike_v1,1544899550.0,cycling,True,True,7698294725f1443692a0c33626e324e7,False,cycling,Cycling Workout,68dcee0743d94a48aaa17a15d38e8908,home_bike,1544897949.0,COMPLETE,America/New_York,,391722.34,f9d3ca99fd5148dd89ecd7aa47bdb1c3,class,1591.0,0.0,,,,,1544897943.0,1544879943.0,,,,Matt Wilpers,2018-12-15 18:19,Saturday,evening,December-18
1544823004.0,home_bike_v1,1544823129.0,cycling,True,True,3232cbabc28e4cac996fdc9bb325b793,False,cycling,Cycling Workout,0a47a88cbf194a18b455b99373576ecc,home_bike,1544823065.0,COMPLETE,America/New_York,,0.0,f9d3ca99fd5148dd89ecd7aa47bdb1c3,class,120.0,1.0,,,,,1544823004.0,1544805004.0,,,,Matt Wilpers,2018-12-14 21:30,Friday,late night,December-18
1544820038.0,home_bike_v1,1544822798.0,cycling,True,True,589ec3f6ddc64d4bb695e1df5b59da9e,False,cycling,Cycling Workout,3ce38f99ac00413d80c7813f1172f46a,home_bike,1544820099.0,COMPLETE,America/New_York,,670742.9,f9d3ca99fd5148dd89ecd7aa47bdb1c3,class,2731.0,0.0,,,,,1544820038.0,1544802038.0,,,,Christian Vande Velde,2018-12-14 20:40,Friday,evening,December-18
1544805715.0,home_bike_v1,1544808474.0,cycling,True,True,7a7ebbbc83e54b3f8e25c4616354ecda,False,cycling,Cycling Workout,d0c49ccc83714bd28b453e80a4ae5922,home_bike,1544805777.0,COMPLETE,America/New_York,,385381.26,f9d3ca99fd5148dd89ecd7aa47bdb1c3,class,2731.0,0.0,,,,,1544805715.0,1544787715.0,,,,Alex Toussaint,2018-12-14 16:41,Friday,early afternoon,December-18
1539694537.0,home_bike_v1,1539696397.0,cycling,True,True,3525f292d74f451b95c24925007407ba,False,cycling,Cycling Workout,31e6c4575f6c4d3c87e1f4b0353c3658,home_bike,1539694597.0,COMPLETE,America/New_York,,263761.34,f9d3ca99fd5148dd89ecd7aa47bdb1c3,class,1831.0,0.0,,,,,1539694537.0,1539680137.0,,,,Christian Vande Velde,2018-10-16 12:55,Tuesday,early afternoon,October-18
1539177745.0,home_bike_v1,1539180504.0,cycling,True,True,5bc9aac2c7bc4a56a430c3192989b4fc,False,cycling,Cycling Workout,bdb98f84901e4a1eaef130ef13010741,home_bike,1539177807.0,COMPLETE,America/New_York,,403988.73,f9d3ca99fd5148dd89ecd7aa47bdb1c3,class,2731.0,0.0,,,,,1539177745.0,1539163345.0,,,,Jess King,2018-10-10 13:22,Wednesday,early afternoon,October-18
1538322256.0,home_bike_v1,1538325050.0,cycling,True,True,da3ba9decb6f491085200f2f96c4512e,False,cycling,Cycling Workout,636ad736104e441b9a8cd56120dfda15,home_bike,1538322350.0,COMPLETE,America/New_York,,409868.82,f9d3ca99fd5148dd89ecd7aa47bdb1c3,class,2761.0,0.0,,,,,1538322256.0,1538307856.0,,,,Cody Rigsby,2018-09-30 15:44,Sunday,early afternoon,September-18
1537956859.0,home_bike_v1,1537958719.0,cycling,True,True,d7af8771dd694c81a254ab0339071b2b,False,cycling,Cycling Workout,b9c15a3723d74907b9ca7ebd36fe767b,home_bike,1537956920.0,COMPLETE,America/New_York,,270549.43,f9d3ca99fd5148dd89ecd7aa47bdb1c3,class,1828.0,3.0,,,,,1537956859.0,1537942459.0,,,,Christian Vande Velde,2018-09-26 10:14,Wednesday,morning,September-18
1537794794.0,home_bike_v1,1537796652.0,cycling,True,True,a5fd5c9498cd4a14b1e94c374469eeda,False,cycling,Cycling Workout,36d0dcaf66f14d0986ea10ec29e18703,home_bike,1537794855.0,COMPLETE,America/New_York,,304244.1,f9d3ca99fd5148dd89ecd7aa47bdb1c3,class,1830.0,0.0,,,,,1537794794.0,1537780394.0,,,,George Hincapie,2018-09-24 13:13,Monday,early afternoon,September-18
1537104898.0,home_bike_v1,1537107657.0,cycling,True,True,738c5dce0de140609fe21685ae69c384,False,cycling,Cycling Workout,1241e9acc2054fd99c4a07b38d75c8cf,home_bike,1537104960.0,COMPLETE,America/New_York,,369821.48,f9d3ca99fd5148dd89ecd7aa47bdb1c3,class,2730.0,0.0,,,,,1537104898.0,1537090498.0,,,,Robin Arzón,2018-09-16 13:34,Sunday,early afternoon,September-18
1536065992.0,home_bike_v1,1536067852.0,cycling,True,True,2d62b71d5e9d4023b939f2245bf317be,False,cycling,Cycling Workout,e63021e98e4647d0983bdd2037822011,home_bike,1536066054.0,COMPLETE,America/New_York,,252978.69,f9d3ca99fd5148dd89ecd7aa47bdb1c3,class,1830.0,0.0,,,,,1536065992.0,1536051592.0,,,,Matt Wilpers,2018-09-04 12:59,Tuesday,early afternoon,September-18
1534248896.0,home_bike_v1,1534251655.0,cycling,True,True,f7074f1e095b429fb5d2f0148bbe93cc,False,cycling,Cycling Workout,3cf9d3e826764cf98513d15301186f2d,home_bike,1534248957.0,COMPLETE,America/New_York,,399632.37,f9d3ca99fd5148dd89ecd7aa47bdb1c3,class,2730.0,0.0,,,,,1534248896.0,1534234496.0,,,,Christian Vande Velde,2018-08-14 12:14,Tuesday,early afternoon,August-18
1533121919.0,home_bike_v1,1533124678.0,cycling,True,True,17ae48ae0eed4f84820261fb22d92a8c,False,cycling,Cycling Workout,41390078d1234254950e94ad678f044d,home_bike,1533121979.0,COMPLETE,America/New_York,,374102.53,f9d3ca99fd5148dd89ecd7aa47bdb1c3,class,2730.0,0.0,,,,,1533121919.0,1533107519.0,,,,Robin Arzón,2018-08-01 11:11,Wednesday,morning,August-18
1527772496.0,home_bike_v1,1527775083.0,cycling,True,True,ea9fc025876744a985ba7fa75e0b768a,False,cycling,Cycling Workout,1a4a1b34704d4e658a6a1883663704dd,,1527772556.0,COMPLETE,America/New_York,,365423.04,f9d3ca99fd5148dd89ecd7aa47bdb1c3,class,2581.0,0.0,,,,,1527772496.0,1527758096.0,,,,Christian Vande Velde,2018-05-31 13:14,Thursday,early afternoon,May-18
1521129760.0,home_bike_v1,1521132520.0,cycling,True,True,8e024720f760457ea5628c8e12e85c12,False,cycling,Cycling Workout,64e9e7c669da4f46860e7dd0d322bbaf,,1521129821.0,COMPLETE,America/New_York,,280471.3,f9d3ca99fd5148dd89ecd7aa47bdb1c3,class,2730.0,0.0,,,,,1521129760.0,1521115360.0,,,,Robin Arzón,2018-03-15 16:02,Thursday,early afternoon,March-18
1519766436.0,home_bike_v1,1519768296.0,cycling,True,True,ae558c40efee4312a79bd3b8d759f9aa,False,cycling,Cycling Workout,9e4e6df00ed94958b025980ffaf0b06d,,1519766499.0,COMPLETE,America/New_York,,99028.02,f9d3ca99fd5148dd89ecd7aa47bdb1c3,class,1830.0,0.0,,,,,1519766436.0,1519748436.0,,,,Robin Arzón,2018-02-27 21:20,Tuesday,late night,February-18
1519247639.0,home_bike_v1,1519249497.0,cycling,True,True,75b1a7aa84a046978dc87c91c78748be,False,cycling,Cycling Workout,44918fa2b1e146a8bef1a83805c020e8,,1519247700.0,COMPLETE,America/New_York,,127602.2,f9d3ca99fd5148dd89ecd7aa47bdb1c3,class,1830.0,0.0,,,,,1519247639.0,1519229639.0,,,,Christian Vande Velde,2018-02-21 21:13,Wednesday,late night,February-18
1518289173.0,home_bike_v1,1518291933.0,cycling,True,True,a694d12560c24dc5af666451f201febd,False,cycling,Cycling Workout,83755fced5914a738a1898c87a26be66,,1518289233.0,COMPLETE,America/New_York,,284499.66,f9d3ca99fd5148dd89ecd7aa47bdb1c3,class,0.0,0.0,,,,,1518289173.0,1518271173.0,,,,Robin Arzón,2018-02-10 18:59,Saturday,evening,February-18
1517095230.0,home_bike_v1,1517095428.0,cycling,True,True,8e05b1acc8644deeb55c3338cabeef32,False,cycling,Cycling Workout,1982885b2e214ad7b50a6ff0b5df123b,,1517095293.0,COMPLETE,America/New_York,,0.0,f9d3ca99fd5148dd89ecd7aa47bdb1c3,class,0.0,0.0,,,,,1517095230.0,1517077230.0,,,,Robin Arzón,2018-01-27 23:20,Saturday,late night,January-18
1517092355.0,home_bike_v1,1517095114.0,cycling,True,True,48c0ec3fcfca46fca34cb08ba4d0210a,False,cycling,Cycling Workout,34ed3acfce8c453786e137c067dce04d,,1517092416.0,COMPLETE,America/New_York,,403995.44,f9d3ca99fd5148dd89ecd7aa47bdb1c3,class,0.0,0.0,,,,,1517092355.0,1517074355.0,,,,Christian Vande Velde,2018-01-27 22:32,Saturday,late night,January-18
1516231342.0,home_bike_v1,1516231384.0,stretching,False,False,26004b2e6d7b4fe794fc6a03311b8605,False,,Stretching Workout,8d9957582d554fe08d9090db238725e7,,1516231345.0,COMPLETE,,,0.0,f9d3ca99fd5148dd89ecd7aa47bdb1c3,class,23.0,7.0,,,,,1516231342.0,1516213342.0,,,,Jennifer Jacobs,2018-01-17 23:22,Wednesday,late night,January-18
1516227999.0,home_bike_v1,1516230949.0,cycling,True,True,d27834ddcf4943229311a8310a1ec5fb,False,cycling,Cycling Workout,642f7304e4d74da593001fa73449b4c1,,1516228252.0,COMPLETE,,,717861.94,f9d3ca99fd5148dd89ecd7aa47bdb1c3,class,3000.0,0.0,,,,,1516227999.0,1516209999.0,,,,Jennifer Jacobs,2018-01-17 22:26,Wednesday,late night,January-18
1515705228.0,home_bike_v1,1515707987.0,cycling,True,True,72723080a7ec472c825a338a49c0faa1,False,cycling,Cycling Workout,db3877ebd8134081bd99c76f430c85fc,,1515705289.0,COMPLETE,,,627216.81,f9d3ca99fd5148dd89ecd7aa47bdb1c3,class,2790.0,0.0,,,,,1515705228.0,1515687228.0,,,,Christian Vande Velde,2018-01-11 21:13,Thursday,late night,January-18
1515680511.0,home_bike_v1,1515683750.0,cycling,True,True,5bca44b436b24f0eb17d6bd756792bfa,False,cycling,Cycling Workout,a412313cb9db4f42b8742d3648b19bf0,,1515681051.0,COMPLETE,,,289198.81,f9d3ca99fd5148dd89ecd7aa47bdb1c3,class,3354.0,14.0,,,,,1515680511.0,1515662511.0,,,,Christine D'Ercole,2018-01-11 14:21,Thursday,early afternoon,January-18
1513087232.0,home_bike_v1,1513089991.0,cycling,True,True,50d57399b0c64f62ab55df88732cd6f4,False,cycling,Cycling Workout,f87f63398b964395ab037633b43104d7,,1513087294.0,COMPLETE,,,371862.41,f9d3ca99fd5148dd89ecd7aa47bdb1c3,class,2787.0,3.0,,,,,1513087232.0,1513069232.0,,,,Christian Vande Velde,2017-12-12 14:00,Tuesday,early afternoon,December-17
1512054907.0,home_bike_v1,1512057666.0,cycling,True,True,3c44f1140ca84219837cf6aa158ec13a,False,cycling,Cycling Workout,2673ec30d8fd4b9d8124919acb074171,,1512054969.0,COMPLETE,,,308190.19,f9d3ca99fd5148dd89ecd7aa47bdb1c3,class,2848.0,2.0,,,,,1512054907.0,1512036907.0,,,,Cody Rigsby,2017-11-30 15:15,Thursday,early afternoon,November-17
1511791296.0,home_bike_v1,1511794054.0,cycling,True,True,d492eda704004d3ba5ea85d9588ec466,False,cycling,Cycling Workout,2052e048ce6a457caf9964f7d0bc9a40,,1511791359.0,COMPLETE,,,302767.09,f9d3ca99fd5148dd89ecd7aa47bdb1c3,class,2820.0,0.0,,,,,1511791296.0,1511773296.0,,,,Robin Arzón,2017-11-27 14:01,Monday,early afternoon,November-17
1510667481.0,home_bike_v1,1510670241.0,cycling,True,True,5c19f2ea82ae40fc9ea29539f41a9334,False,cycling,Cycling Workout,e1c0946d27584e1799fea15d71e36a28,,1510667543.0,COMPLETE,,,318096.22,f9d3ca99fd5148dd89ecd7aa47bdb1c3,class,2819.0,1.0,,,,,1510667481.0,1510649481.0,,,,Robin Arzón,2017-11-14 13:51,Tuesday,early afternoon,November-17
1510667438.0,home_bike_v1,1510670198.0,cycling,True,True,8bdd5d0ce2c94d03a74d07d1cfa80ed4,False,cycling,Cycling Workout,89b543b9cbc54dfc8f4576e62eb66280,,1510667438.0,COMPLETE,,,0.0,f9d3ca99fd5148dd89ecd7aa47bdb1c3,class,24.0,2.0,,,,,1510667438.0,1510649438.0,,,,Robin Arzón,2017-11-14 13:50,Tuesday,early afternoon,November-17
1510593648.0,home_bike_v1,1510597308.0,cycling,True,True,c5042589e5864530a91db582a0ad881a,True,cycling,Cycling Workout,9285e794235a44ee80016f7cce242434,,1510593710.0,COMPLETE,,,681663.0,f9d3ca99fd5148dd89ecd7aa47bdb1c3,class,3658.0,2.0,,,,,1510593648.0,1510575648.0,,,,Christian Vande Velde,2017-11-13 17:20,Monday,evening,November-17
1509800710.0,home_bike_v1,1509803470.0,cycling,True,True,45ee838cabdb4a919ed3eaab212b5104,False,cycling,Cycling Workout,0e03096d5c574544b42423600e8fe98a,,1509800773.0,COMPLETE,,,317435.81,f9d3ca99fd5148dd89ecd7aa47bdb1c3,class,2835.0,2.0,,,,,1509800710.0,1509786310.0,,,,Robin Arzón,2017-11-04 13:05,Saturday,early afternoon,November-17
1509222079.0,home_bike_v1,1509224839.0,cycling,True,True,dcb5737a01e44a9cb35aa81de3bada81,False,cycling,Cycling Workout,3d0238d425b14ecf8ba783a56907aad3,,1509222140.0,COMPLETE,,,326481.06,f9d3ca99fd5148dd89ecd7aa47bdb1c3,class,2730.0,0.0,,,,,1509222079.0,1509207679.0,,,,George Hincapie,2017-10-28 20:21,Saturday,evening,October-17
1508765462.0,home_bike_v1,1508768221.0,cycling,True,True,50834d2219b643ce9bcd0740ca5b691c,False,cycling,Cycling Workout,0abfdd6e4c864c33b3ff41fb7e9a7df0,,1508765524.0,COMPLETE,,,307765.44,f9d3ca99fd5148dd89ecd7aa47bdb1c3,class,2730.0,0.0,,,,,1508765462.0,1508751062.0,,,,Robin Arzón,2017-10-23 13:31,Monday,early afternoon,October-17
1508241094.0,home_bike_v1,1508244350.0,cycling,True,True,7ff5c504d4b143749df1bae03d85d737,False,cycling,Cycling Workout,b219af5148764a10ad82d0bff8a7e301,,1508241650.0,COMPLETE,,,293717.38,f9d3ca99fd5148dd89ecd7aa47bdb1c3,class,3360.0,0.0,,,,,1508241094.0,1508226694.0,,,,Jenn Sherman,2017-10-17 11:51,Tuesday,morning,October-17
1507989874.0,home_bike_v1,1507992634.0,cycling,True,True,1bee14fae11b47deb51851a20c4c4fb6,False,cycling,Cycling Workout,03938999642849788911116e9caacec7,,1507989936.0,COMPLETE,,,316311.22,f9d3ca99fd5148dd89ecd7aa47bdb1c3,class,2819.0,1.0,,,,,1507989874.0,1507975474.0,,,,Robin Arzón,2017-10-14 14:04,Saturday,early afternoon,October-17
1507989798.0,home_bike_v1,1507989811.0,cycling,True,True,c80df69d04c7420b8d23b42d9ddfb23a,False,cycling,Cycling Workout,c6c88954b7094989bdb345cf3476942a,,1507989802.0,COMPLETE,,,722.88,f9d3ca99fd5148dd89ecd7aa47bdb1c3,class,5.0,0.0,,,,,1507989798.0,1507975398.0,,,,Robin Arzón,2017-10-14 14:03,Saturday,early afternoon,October-17
1507640160.0,home_bike_v1,1507642920.0,cycling,True,True,4ef5aeaff6a0426ebbfe8c65dc995f3c,False,cycling,Cycling Workout,a7c8e468a93e49609e3bb861d7dac0f4,,1507640221.0,COMPLETE,,,309092.38,f9d3ca99fd5148dd89ecd7aa47bdb1c3,class,2850.0,0.0,,,,,1507640160.0,1507625760.0,,,,Robin Arzón,2017-10-10 12:56,Tuesday,early afternoon,October-17
1507564679.0,home_bike_v1,1507567438.0,cycling,True,True,a057bfea3a574662a8a67bf270dd3756,False,cycling,Cycling Workout,957efcf7d5fe46569a5083461e47da63,,1507564740.0,COMPLETE,,,458356.84,f9d3ca99fd5148dd89ecd7aa47bdb1c3,class,2842.0,0.0,,,,,1507564679.0,1507550279.0,,,,Denis Morton,2017-10-09 15:57,Monday,early afternoon,October-17
1507557930.0,home_bike_v1,1507560690.0,cycling,True,True,a50c6556ef2b4f1193c1bc61a69944fe,False,cycling,Cycling Workout,17a4118f7b4c4f5481d353849ead6885,,1507557992.0,COMPLETE,,,302743.13,f9d3ca99fd5148dd89ecd7aa47bdb1c3,class,2850.0,0.0,,,,,1507557930.0,1507543530.0,,,,Robin Arzón,2017-10-09 14:05,Monday,early afternoon,October-17
1507212086.0,home_bike_v1,1507213532.0,cycling,True,True,614bdae7f98a44a784b4c1cb53c1ee25,False,cycling,Cycling Workout,0a5d5221fa3547c5b2c620d1a326ead5,,1507212148.0,COMPLETE,,,163662.48,f9d3ca99fd5148dd89ecd7aa47bdb1c3,class,1440.0,0.0,,,,,1507212086.0,1507197686.0,,,,Robin Arzón,2017-10-05 14:01,Thursday,early afternoon,October-17
1506867653.0,home_bike_v1,1506870413.0,cycling,True,True,1ca1e42e1f214ab5acf566d6e53550d7,False,cycling,Cycling Workout,0e5fadff92c043208ff1fa1ff85569e5,,1506867714.0,COMPLETE,,,306799.63,f9d3ca99fd5148dd89ecd7aa47bdb1c3,class,2850.0,0.0,,,,,1506867653.0,1506853253.0,,,,Robin Arzón,2017-10-01 14:20,Sunday,early afternoon,October-17
1505824742.0,home_bike_v1,1505827502.0,cycling,True,True,f6a64864b17f40b680bf399c50114c66,False,cycling,Cycling Workout,5920d5b05d724850a79124551b5918dd,,1505824803.0,COMPLETE,,,467468.31,f9d3ca99fd5148dd89ecd7aa47bdb1c3,class,2823.0,0.0,,,,,1505824742.0,1505810342.0,,,,Christian Vande Velde,2017-09-19 12:39,Tuesday,early afternoon,September-17
1505139190.0,home_bike_v1,1505141950.0,cycling,True,True,c8399c9fba0041cb90e3ef10d899a3c2,False,cycling,Cycling Workout,cd041fd0d9b5497b888d1442307e3920,,1505139251.0,COMPLETE,,,438898.34,f9d3ca99fd5148dd89ecd7aa47bdb1c3,class,2866.0,0.0,,,,,1505139190.0,1505124790.0,,,,Alex Toussaint,2017-09-11 14:13,Monday,early afternoon,September-17
1504790475.0,home_bike_v1,1504793750.0,cycling,True,True,c54a6ae0e501404d8ec91dbd41c0bdae,False,cycling,Cycling Workout,102634915644450997d6cb83fb9d2750,,1504791097.0,COMPLETE,,,429173.31,f9d3ca99fd5148dd89ecd7aa47bdb1c3,class,3010.0,80.0,,,,,1504790475.0,1504776075.0,,,,Christian Vande Velde,2017-09-07 13:21,Thursday,early afternoon,September-17
1504272999.0,home_bike_v1,1504275758.0,cycling,True,True,0be87bcc174c47b88eee4cdc90ef1500,False,cycling,Cycling Workout,40997a1a950e4edf9ea4e9e2b293c37a,,1504273060.0,COMPLETE,,,402151.41,f9d3ca99fd5148dd89ecd7aa47bdb1c3,class,2850.0,0.0,,,,,1504272999.0,1504258599.0,,,,Alex Toussaint,2017-09-01 13:36,Friday,early afternoon,September-17
1504187881.0,home_bike_v1,1504190641.0,cycling,True,True,d0939be1094a47a481e6cbb9fbf845d1,False,cycling,Cycling Workout,6a0c5075bed7466ead6b3630a5b47748,,1504187943.0,COMPLETE,,,368653.63,f9d3ca99fd5148dd89ecd7aa47bdb1c3,class,2760.0,0.0,,,,,1504187881.0,1504173481.0,,,,Christian Vande Velde,2017-08-31 13:58,Thursday,early afternoon,August-17
1504187688.0,home_bike_v1,1504187844.0,cycling,True,True,2c08f16abb1246a5b3487a02e0e4250d,False,cycling,Cycling Workout,50094dff2b9649cca248bdc0141c775d,,1504187750.0,COMPLETE,,,6611.44,f9d3ca99fd5148dd89ecd7aa47bdb1c3,class,148.0,0.0,,,,,1504187688.0,1504173288.0,,,,Christine D'Ercole,2017-08-31 13:54,Thursday,early afternoon,August-17
1504028663.0,home_bike_v1,1504031423.0,cycling,True,True,46849fb6514841e6ae940c783e1ca646,False,cycling,Cycling Workout,c5c0720a958947718c9ad81037c39e18,,1504028725.0,COMPLETE,,,402966.91,f9d3ca99fd5148dd89ecd7aa47bdb1c3,class,2850.0,0.0,,,,,1504028663.0,1504014263.0,,,,Alex Toussaint,2017-08-29 17:44,Tuesday,evening,August-17
1503943017.0,home_bike_v1,1503943256.0,cycling,True,True,c4ed6fc6e2bc4b8a9b1d750563fda9a7,False,cycling,Cycling Workout,1e447e33e98547eb800283cf53de5b34,,1503943079.0,COMPLETE,,,16.31,f9d3ca99fd5148dd89ecd7aa47bdb1c3,class,102.0,124.0,,,,,1503943017.0,1503928617.0,,,,Christian Vande Velde,2017-08-28 17:56,Monday,evening,August-17
1503512613.0,home_bike_v1,1503515373.0,cycling,True,True,d9a70d965d3045738c4a43305c25b2b2,False,cycling,Cycling Workout,0967844cee284dd69ed0afc9f696b132,,1503512675.0,COMPLETE,,,370060.88,f9d3ca99fd5148dd89ecd7aa47bdb1c3,class,2804.0,0.0,,,,,1503512613.0,1503498213.0,,,,George Hincapie,2017-08-23 18:23,Wednesday,evening,August-17
1502982282.0,home_bike_v1,1502985041.0,cycling,True,True,d8b13e7342cd4089af5d5b7d8e74a2d4,False,cycling,Cycling Workout,f19f9b91165e4c418dfb7fcaa818b779,,1502982343.0,COMPLETE,,,413527.97,f9d3ca99fd5148dd89ecd7aa47bdb1c3,class,2116.0,644.0,,,,,1502982282.0,1502967882.0,,,,Christian Vande Velde,2017-08-17 15:04,Thursday,early afternoon,August-17
1502486520.0,home_bike_v1,1502489280.0,cycling,True,True,4fa3fe501d0942eda191e2e41c8201be,False,cycling,Cycling Workout,bfadd5c19c2a4acfae70ae0fb7e29285,,1502486582.0,COMPLETE,,,430979.0,f9d3ca99fd5148dd89ecd7aa47bdb1c3,class,2820.0,0.0,,,,,1502486520.0,1502472120.0,,,,George Hincapie,2017-08-11 21:22,Friday,late night,August-17
1497302951.0,home_bike_v1,1497303435.0,cycling,True,True,488965edfb6d48108817060e21c746d2,False,cycling,Cycling Workout,e1ae8620f89e46ea8cce6101e968cc7d,,1497303013.0,COMPLETE,,,0.0,f9d3ca99fd5148dd89ecd7aa47bdb1c3,class,476.0,0.0,,,,,1497302951.0,1497288551.0,,,,Christian Vande Velde,2017-06-12 21:29,Monday,late night,June-17
1497277848.0,home_bike_v1,1497280550.0,cycling,True,True,330d82bb7db444109f374718e733a94e,False,cycling,Cycling Workout,08e5280f04774a8c80dbdf275e36631b,,1497277852.0,COMPLETE,,,131926.2,f9d3ca99fd5148dd89ecd7aa47bdb1c3,class,2700.0,0.0,,,,,1497277848.0,1497263448.0,,,,Christian Vande Velde,2017-06-12 14:30,Monday,early afternoon,June-17
1488464087.0,home_bike_v1,1488466047.0,cycling,True,True,1469dbf71ed1414a975720ff79d64c08,False,cycling,Scenic Ride,a2d1fd5931ec4dcca73848e7f26f9ad9,,1488464096.0,COMPLETE,,,229635.28,f9d3ca99fd5148dd89ecd7aa47bdb1c3,scenic,1955.0,0.0,,,,,1488464087.0,1488446087.0,,,,Scenic Ride,2017-03-02 14:14,Thursday,early afternoon,March-17
1488463716.0,home_bike_v1,1488463988.0,cycling,True,True,554d32a198fb4a6ca228b01662ae227b,False,cycling,Cycling Workout,820d1972563f46cbaf854856f2f568bb,,1488463779.0,COMPLETE,,,25138.23,f9d3ca99fd5148dd89ecd7aa47bdb1c3,class,267.0,0.0,,,,,1488463716.0,1488445716.0,,,,Christian Vande Velde,2017-03-02 14:08,Thursday,early afternoon,March-17
1488141936.0,home_bike_v1,1488143635.0,cycling,True,True,6ad53f5f04414b8faba5973d62a5b7b9,False,cycling,Scenic Ride,7fec2ad4c6e14826a854f4a54ac32069,,1488141948.0,COMPLETE,,,188699.41,f9d3ca99fd5148dd89ecd7aa47bdb1c3,scenic,0.0,0.0,,,,,1488141936.0,1488123936.0,,,,Scenic Ride,2017-02-26 20:45,Sunday,evening,February-17
1487713845.0,home_bike_v1,1487716608.0,cycling,True,True,ac93633e807d4e9baf3956fdf5a172d1,False,cycling,Cycling Workout,9bb4214820ee4931a830dfcf9ab63707,,1487713910.0,COMPLETE,,,28264.5,f9d3ca99fd5148dd89ecd7aa47bdb1c3,class,2730.0,0.0,,,,,1487713845.0,1487695845.0,,,,Robin Arzón,2017-02-21 21:50,Tuesday,late night,February-17
1487713726.0,home_bike_v1,1487713827.0,cycling,True,True,e9e4eea14ef24e1480b6ad6a26792c3d,False,cycling,Cycling Workout,447f1025abb9422a913b4ceebcf58d5c,,1487713790.0,COMPLETE,,,2819.48,f9d3ca99fd5148dd89ecd7aa47bdb1c3,class,96.0,1.0,,,,,1487713726.0,1487695726.0,,,,Steven Little,2017-02-21 21:48,Tuesday,late night,February-17
1487511917.0,home_bike_v1,1487514426.0,cycling,True,True,2dbe2ed2145a4e8d94edfb094fdbebdf,False,cycling,Cycling Workout,3f87916fbfd04fc899a3a3bc1d45193a,,1487511979.0,COMPLETE,,,249572.08,f9d3ca99fd5148dd89ecd7aa47bdb1c3,class,2505.0,0.0,,,,,1487511917.0,1487493917.0,,,,Matt Wilpers,2017-02-19 13:45,Sunday,early afternoon,February-17
1487264452.0,home_bike_v1,1487265662.0,cycling,True,True,ea60d99d992e4cc88105364e14ecfffa,False,cycling,Scenic Ride,b60304501a724ed884934ad4082c6ccd,,1487264465.0,COMPLETE,,,131952.28,f9d3ca99fd5148dd89ecd7aa47bdb1c3,scenic,1198.0,2.0,,,,,1487264452.0,1487246452.0,,,,Scenic Ride,2017-02-16 17:00,Thursday,early afternoon,February-17
1487262840.0,home_bike_v1,1487264055.0,cycling,True,True,76350abc875f4e728a61d85e9466dd61,False,cycling,Scenic Ride,a7bad1fc232c4f4ca8620bf853a680f9,,1487262857.0,COMPLETE,,,113764.88,f9d3ca99fd5148dd89ecd7aa47bdb1c3,scenic,1200.0,0.0,,,,,1487262840.0,1487244840.0,,,,Scenic Ride,2017-02-16 16:34,Thursday,early afternoon,February-17
1486473731.0,home_bike_v1,1486476491.0,cycling,True,True,31d59687d8224bff85ce165db99e9749,False,cycling,Cycling Workout,bdb24adf393e4a94bec3b4f0fd4f3e04,,1486473793.0,COMPLETE,,,367703.34,f9d3ca99fd5148dd89ecd7aa47bdb1c3,class,2730.0,0.0,,,,,1486473731.0,1486455731.0,,,,Cody Rigsby,2017-02-07 13:22,Tuesday,early afternoon,February-17
1486310429.0,home_bike_v1,1486311593.0,cycling,True,True,04473a30ff5f4edb98b140af8628d733,False,cycling,Scenic Ride,8ed29f29c2194e1eb1f79bd86c50aef3,,1486310443.0,COMPLETE,,,113756.35,f9d3ca99fd5148dd89ecd7aa47bdb1c3,scenic,1156.0,1.0,,,,,1486310429.0,1486292429.0,,,,Scenic Ride,2017-02-05 16:00,Sunday,early afternoon,February-17
1486307251.0,home_bike_v1,1486309978.0,cycling,True,True,c4361424cc6d494ca79029db403d152a,False,cycling,Scenic Ride,a2b878e036684421a8e79dea9488cb7b,,1486307282.0,COMPLETE,,,359634.72,f9d3ca99fd5148dd89ecd7aa47bdb1c3,scenic,2697.0,3.0,,,,,1486307251.0,1486289251.0,,,,Scenic Ride,2017-02-05 15:07,Sunday,early afternoon,February-17
1485099862.0,home_bike_v1,1485101673.0,cycling,True,True,0491018d3dd7415f9838bfe85fab5f53,False,cycling,Scenic Ride,f2e6677e10ac40ebb3732915ab37f9e4,,1485099876.0,COMPLETE,,,104186.78,f9d3ca99fd5148dd89ecd7aa47bdb1c3,scenic,1796.0,4.0,,,,,1485099862.0,1485081862.0,,,,Scenic Ride,2017-01-22 15:44,Sunday,early afternoon,January-17
1484227513.0,home_bike_v1,1484230273.0,cycling,True,True,d79bdf63c9874f6d9a48b75fa2c6aca6,False,cycling,Cycling Workout,cec6755b76d64276a6fb00e265cfc6c2,,1484227576.0,COMPLETE,,,253566.95,f9d3ca99fd5148dd89ecd7aa47bdb1c3,class,2727.0,3.0,,,,,1484227513.0,1484209513.0,,,,Ally Love,2017-01-12 13:25,Thursday,early afternoon,January-17
1483470354.0,home_bike_v1,1483471996.0,cycling,True,True,2a7459df1c054b1e91187250603fa17e,False,cycling,Cycling Workout,ba45b6adb2914ac286d33dae288dd28e,,1483470417.0,COMPLETE,,,220081.39,f9d3ca99fd5148dd89ecd7aa47bdb1c3,class,1636.0,4.0,,,,,1483470354.0,1483452354.0,,,,Robin Arzón,2017-01-03 19:05,Tuesday,evening,January-17
1483469150.0,home_bike_v1,1483470190.0,cycling,True,True,bb15d0dc5a2e4cd7aab39a7c608765c8,False,cycling,Cycling Workout,b1bc78b9b57a491691446892d298387f,,1483469211.0,COMPLETE,,,139945.44,f9d3ca99fd5148dd89ecd7aa47bdb1c3,class,1017.0,3.0,,,,,1483469150.0,1483451150.0,,,,Jenn Sherman,2017-01-03 18:45,Tuesday,evening,January-17
1483469072.0,home_bike_v1,1483471822.0,cycling,True,True,49f3982de98843d6ad16feb77a4f0d78,False,cycling,Cycling Workout,5f762970b234431687a7943a90540578,,1483469072.0,COMPLETE,,,0.0,f9d3ca99fd5148dd89ecd7aa47bdb1c3,class,46.0,4.0,,,,,1483469072.0,1483451072.0,,,,Hannah Corbin,2017-01-03 18:44,Tuesday,evening,January-17
1481991710.0,home_bike_v1,1481992921.0,cycling,True,True,d84ae03567aa49c880391b08ffc019d1,False,cycling,Cycling Workout,391aacb4e52e45eab410f1769e35914e,,1481991772.0,COMPLETE,,,59782.79,f9d3ca99fd5148dd89ecd7aa47bdb1c3,class,1205.0,4.0,,,,,1481991710.0,1481973710.0,,,,Christian Vande Velde,2016-12-17 16:21,Saturday,early afternoon,December-16
1481990669.0,home_bike_v1,1481991634.0,cycling,True,True,354503071b204dbc8585a0edd3e79c47,False,cycling,Cycling Workout,7632c73fef854ebb99b6aef3819488be,,1481990732.0,COMPLETE,,,217013.02,f9d3ca99fd5148dd89ecd7aa47bdb1c3,class,926.0,3.0,,,,,1481990669.0,1481972669.0,,,,Robin Arzón,2016-12-17 16:04,Saturday,early afternoon,December-16
1481990316.0,home_bike_v1,1481990579.0,cycling,True,True,aafe2cb1d1a64d67bbd9abce9f0f52cf,False,cycling,Cycling Workout,65c052f912e84173a9e954c7d32169b4,,1481990319.0,COMPLETE,,,43321.72,f9d3ca99fd5148dd89ecd7aa47bdb1c3,class,257.0,6.0,,,,,1481990316.0,1481972316.0,,,,Hannah Corbin,2016-12-17 15:58,Saturday,early afternoon,December-16
1481645214.0,home_bike_v1,1481647974.0,cycling,True,True,1d433e21997046d58a9a7a4115109151,False,cycling,Cycling Workout,dc11fa04dfea46beb37acf1518ec74e0,,1481645276.0,COMPLETE,,,344508.31,f9d3ca99fd5148dd89ecd7aa47bdb1c3,class,2638.0,2.0,,,,,1481645214.0,1481627214.0,,,,Christian Vande Velde,2016-12-13 16:06,Tuesday,early afternoon,December-16
1481638880.0,home_bike_v1,1481641640.0,cycling,True,True,b3a9e92de4094d5299e7789b10a68061,False,cycling,Cycling Workout,dd3c4935bd1348bcab10c35c1e0e6b53,,1481638942.0,COMPLETE,,,395780.81,f9d3ca99fd5148dd89ecd7aa47bdb1c3,class,2667.0,3.0,,,,,1481638880.0,1481620880.0,,,,Hannah Corbin,2016-12-13 14:21,Tuesday,early afternoon,December-16
1481075583.0,home_bike_v1,1481075741.0,cycling,True,True,db962d46e700450e9047461a2bbb0a7e,False,cycling,Cycling Workout,2634dc93f64944e4a3f9266fd7351f16,,1481075644.0,COMPLETE,,,190.96,f9d3ca99fd5148dd89ecd7aa47bdb1c3,class,152.0,4.0,,,,,1481075583.0,1481057583.0,,,,Christian Vande Velde,2016-12-07 01:53,Wednesday,early morning,December-16
1480424267.0,home_bike_v1,1480427153.0,cycling,True,True,7e640fb6693f419b8a2a49f991e3b0af,False,cycling,Cycling Workout,cfb5d497b82840579e8495c5f7a34a8b,,1480424464.0,COMPLETE,,,398920.47,f9d3ca99fd5148dd89ecd7aa47bdb1c3,class,2754.0,6.0,,,,,1480424267.0,1480406267.0,,,,George Hincapie,2016-11-29 12:57,Tuesday,early afternoon,November-16
1479396550.0,home_bike_v1,1479396870.0,cycling,True,True,a3e476c652b1475bb7d450796e6497f1,False,cycling,Cycling Workout,4e19dc204ac34f1381a554af0de16962,,1479396611.0,COMPLETE,,,9127.45,f9d3ca99fd5148dd89ecd7aa47bdb1c3,class,297.0,3.0,,,,,1479396550.0,1479378550.0,,,,Christian Vande Velde,2016-11-17 15:29,Thursday,early afternoon,November-16
1479393646.0,home_bike_v1,1479396407.0,cycling,True,True,d311a1eb80b4464eb52cc17857c20a01,False,cycling,Cycling Workout,fa8a2ce6aa55461a91f234af8b90dc3b,,1479393708.0,COMPLETE,,,687317.63,f9d3ca99fd5148dd89ecd7aa47bdb1c3,class,2549.0,4.0,,,,,1479393646.0,1479375646.0,,,,Christian Vande Velde,2016-11-17 14:40,Thursday,early afternoon,November-16
1479225196.0,home_bike_v1,1479226172.0,cycling,True,True,6fe77e25de7848989cc6438e7847b956,False,cycling,Cycling Workout,d30ddbe3ac8e4cc990531be27d9a4a54,,1479225260.0,COMPLETE,,,28918.76,f9d3ca99fd5148dd89ecd7aa47bdb1c3,class,970.0,3.0,,,,,1479225196.0,1479207196.0,,,,Alex Toussaint,2016-11-15 15:53,Tuesday,early afternoon,November-16
1479223819.0,home_bike_v1,1479224462.0,cycling,True,True,37e90b0c7c0041608cd708d5ec7b0930,False,cycling,Cycling Workout,f26c606711a9455b886459306c84f26c,,1479223881.0,COMPLETE,,,48043.95,f9d3ca99fd5148dd89ecd7aa47bdb1c3,class,601.0,5.0,,,,,1479223819.0,1479205819.0,,,,Jenn Sherman,2016-11-15 15:30,Tuesday,early afternoon,November-16
1478791655.0,home_bike_v1,1478792199.0,cycling,True,True,ccdef63cba5647a780671fc22a639670,False,cycling,Cycling Workout,9fc00f2d364f4a7489dbd9a729ab59dd,,1478791717.0,COMPLETE,,,47667.97,f9d3ca99fd5148dd89ecd7aa47bdb1c3,class,538.0,3.0,,,,,1478791655.0,1478773655.0,,,,Jenn Sherman,2016-11-10 15:27,Thursday,early afternoon,November-16
1478789642.0,home_bike_v1,1478791502.0,cycling,True,True,931e3a96597d41b9984446f39cce597b,False,cycling,Cycling Workout,2186f38ca7874647bd0d24e04e5518da,,1478789703.0,COMPLETE,,,267049.47,f9d3ca99fd5148dd89ecd7aa47bdb1c3,class,1785.0,9.0,,,,,1478789642.0,1478771642.0,,,,Matt Wilpers,2016-11-10 14:54,Thursday,early afternoon,November-16
1478789335.0,home_bike_v1,1478789441.0,cycling,True,True,a445738c450c4c1394309a690f2dd609,False,cycling,Cycling Workout,a913542456434283b8012f43f90b8f2e,,1478789397.0,COMPLETE,,,1145.35,f9d3ca99fd5148dd89ecd7aa47bdb1c3,class,98.0,3.0,,,,,1478789335.0,1478771335.0,,,,Jess King,2016-11-10 14:48,Thursday,early afternoon,November-16
1478789125.0,home_bike_v1,1478789283.0,cycling,True,True,db49cb1fa6774b908072964c57fcc496,False,cycling,Cycling Workout,ca80cb4a5eea4f7dad4112a77a935144,,1478789187.0,COMPLETE,,,3841.84,f9d3ca99fd5148dd89ecd7aa47bdb1c3,class,116.0,5.0,,,,,1478789125.0,1478771125.0,,,,Robin Arzón,2016-11-10 14:45,Thursday,early afternoon,November-16
1478788275.0,home_bike_v1,1478789602.0,cycling,True,True,7fbb80631f1147949e4c55aed1051b81,False,cycling,Cycling Workout,ab25a7e936d84e95b95b37aec5e99e13,,1478788278.0,COMPLETE,,,18933.86,f9d3ca99fd5148dd89ecd7aa47bdb1c3,class,414.0,10.0,,,,,1478788275.0,1478770275.0,,,,Hannah Corbin,2016-11-10 14:31,Thursday,early afternoon,November-16
1477237880.0,home_bike_v1,1477238057.0,cycling,True,True,9e1806f2ae9247beb4b611c946191091,False,cycling,Cycling Workout,94f71fef3758474cb0637b048d46c8b7,,1477237942.0,COMPLETE,,,0.0,f9d3ca99fd5148dd89ecd7aa47bdb1c3,class,170.0,4.0,,,,,1477237880.0,1477223480.0,,,,Christian Vande Velde,2016-10-23 15:51,Sunday,early afternoon,October-16
1477237432.0,home_bike_v1,1477237835.0,cycling,True,True,349ba151d66f4bdeacb90c4f6d605f07,False,cycling,Cycling Workout,fcbb994ea76e4c26883038579d041395,,1477237555.0,COMPLETE,,,8863.47,f9d3ca99fd5148dd89ecd7aa47bdb1c3,class,387.0,6.0,,,,,1477237432.0,1477223032.0,,,,Matt Wilpers,2016-10-23 15:43,Sunday,early afternoon,October-16
1476625783.0,home_bike_v1,1476628543.0,cycling,True,True,cacfd278654b4960abe787e957edd99a,False,cycling,Cycling Workout,a5106e3652944d1b8dfad614e907cc83,,1476625844.0,COMPLETE,,,433978.19,f9d3ca99fd5148dd89ecd7aa47bdb1c3,class,2712.0,5.0,,,,,1476625783.0,1476611383.0,,,,Robin Arzón,2016-10-16 13:49,Sunday,early afternoon,October-16
1475784274.0,home_bike_v1,1475784378.0,cycling,True,True,ac1b43ec40764c6ebc7093229722ecd8,False,cycling,Cycling Workout,8b89bf6577634221946ad045e935c333,,1475784335.0,COMPLETE,,,0.0,f9d3ca99fd5148dd89ecd7aa47bdb1c3,class,98.0,3.0,,,,,1475784274.0,1475769874.0,,,,Christian Vande Velde,2016-10-06 20:04,Thursday,evening,October-16
1475711401.0,home_bike_v1,1475711842.0,cycling,True,True,e9cab7e8a8784688a2cc3a2340b265da,False,cycling,Cycling Workout,11ee2c8be6e2440e83117bb0f042cc82,,1475711462.0,COMPLETE,,,15490.64,f9d3ca99fd5148dd89ecd7aa47bdb1c3,class,435.0,4.0,,,,,1475711401.0,1475697001.0,,,,Christian Vande Velde,2016-10-05 23:50,Wednesday,late night,October-16
1475584256.0,home_bike_v1,1475587016.0,cycling,True,True,7d074be55b054e2489638d6b7be4b348,False,cycling,Cycling Workout,a6f3d89592ff4ef3be232441b05bc4b4,,1475584317.0,COMPLETE,,,396000.97,f9d3ca99fd5148dd89ecd7aa47bdb1c3,class,2645.0,3.0,,,,,1475584256.0,1475569856.0,,,,Christian Vande Velde,2016-10-04 12:30,Tuesday,early afternoon,October-16
1474814012.0,home_bike_v1,1474816772.0,cycling,True,True,c27a77a1c60b4f988f99f01adb9da721,False,cycling,Cycling Workout,c753804ec5ea45bb8082032720556a7d,,1474814073.0,COMPLETE,,,399149.88,f9d3ca99fd5148dd89ecd7aa47bdb1c3,class,2764.0,4.0,,,,,1474814012.0,1474799612.0,,,,Christian Vande Velde,2016-09-25 14:33,Sunday,early afternoon,September-16
1473859651.0,home_bike_v1,1473862551.0,cycling,True,True,f4f11ec790af44e0912fc24a159f77ce,False,cycling,Cycling Workout,d7e4a7354ff14b0cb314c9329cf1713a,,1473859863.0,COMPLETE,,,429077.56,f9d3ca99fd5148dd89ecd7aa47bdb1c3,class,2783.0,4.0,,,,,1473859651.0,1473845251.0,,,,Christian Vande Velde,2016-09-14 13:27,Wednesday,early afternoon,September-16
1473800891.0,home_bike_v1,1473801015.0,cycling,True,True,c0487671cfd84024b9a7a54e480cb2a7,False,cycling,Cycling Workout,7e37b9b3612344b3bf7fbf4f623d84ec,,1473800952.0,COMPLETE,,,0.0,f9d3ca99fd5148dd89ecd7aa47bdb1c3,class,118.0,2.0,,,,,1473800891.0,1473786491.0,,,,Christian Vande Velde,2016-09-13 21:08,Tuesday,late night,September-16
1473800592.0,home_bike_v1,1473800813.0,cycling,True,True,be5e4bf9afcf4e6581d7e08111849cda,False,cycling,Cycling Workout,bfca272332bc4200ad03e16d55bf4c38,,1473800594.0,COMPLETE,,,15164.75,f9d3ca99fd5148dd89ecd7aa47bdb1c3,class,216.0,4.0,,,,,1473800592.0,1473786192.0,,,,Nicole Meline,2016-09-13 21:03,Tuesday,late night,September-16
1473797723.0,home_bike_v1,1473800483.0,cycling,True,True,3367c444ea18485b83b2efbb33281d33,False,cycling,Cycling Workout,d5329f6696484298942c33ac31832081,,1473797784.0,COMPLETE,,,596013.75,f9d3ca99fd5148dd89ecd7aa47bdb1c3,class,2540.0,8.0,,,,,1473797723.0,1473783323.0,,,,Christian Vande Velde,2016-09-13 20:15,Tuesday,evening,September-16
1473607355.0,home_bike_v1,1473610114.0,cycling,True,True,9a22e7853f2b4fc19b99fc399fd1185d,False,cycling,Cycling Workout,3de9687f9170455f87dbd80195b6630f,,1473607417.0,COMPLETE,,,428952.44,f9d3ca99fd5148dd89ecd7aa47bdb1c3,class,2327.0,3.0,,,,,1473607355.0,1473592955.0,,,,George Hincapie,2016-09-11 15:22,Sunday,early afternoon,September-16
1472044458.0,home_bike_v1,1472047218.0,cycling,True,True,c778a9b3fb044965800ba5649b3aa89b,False,cycling,Cycling Workout,6910f0ac7e154309a984b33f93f65ac7,,1472044519.0,COMPLETE,,,357988.25,f9d3ca99fd5148dd89ecd7aa47bdb1c3,class,0.0,0.0,,,,,1472044458.0,1472030058.0,,,,Christian Vande Velde,2016-08-24 13:14,Wednesday,early afternoon,August-16
1471280077.0,home_bike_v1,1471283736.0,cycling,True,True,d2193af3fc4d4113b77f8694af7dc0e3,False,cycling,Cycling Workout,7bce2ae3c3314381a840a3c99936d592,,1471280137.0,COMPLETE,,,505807.31,f9d3ca99fd5148dd89ecd7aa47bdb1c3,class,0.0,0.0,,,,,1471280077.0,1471265677.0,,,,Christian Vande Velde,2016-08-15 16:54,Monday,early afternoon,August-16
1470774460.0,home_bike_v1,1470777219.0,cycling,True,True,a49ac3e391b74f4c9ae74fc556335176,False,cycling,Cycling Workout,a7edb0eae89e47528b224c8473644543,,1470774521.0,COMPLETE,,,385031.88,f9d3ca99fd5148dd89ecd7aa47bdb1c3,class,0.0,0.0,,,,,1470774460.0,1470760060.0,,,,Christian Vande Velde,2016-08-09 20:27,Tuesday,evening,August-16
1470666904.0,home_bike_v1,1470668588.0,cycling,True,True,1353b69eeb0947028d1631875021934c,False,cycling,Cycling Workout,b849323d96844483b4823bf7851fcb8c,,1470666965.0,COMPLETE,,,78061.83,f9d3ca99fd5148dd89ecd7aa47bdb1c3,class,0.0,0.0,,,,,1470666904.0,1470652504.0,,,,Christian Vande Velde,2016-08-08 14:35,Monday,early afternoon,August-16
1470663915.0,home_bike_v1,1470666641.0,cycling,True,True,0377588ce5a4493292166c5083a17bf6,False,cycling,Cycling Workout,7fec205136fa43fe918133f65fc0a1f9,,1470663976.0,COMPLETE,,,418185.03,f9d3ca99fd5148dd89ecd7aa47bdb1c3,class,0.0,0.0,,,,,1470663915.0,1470649515.0,,,,George Hincapie,2016-08-08 13:45,Monday,early afternoon,August-16
1470394120.0,home_bike_v1,1470397528.0,cycling,True,True,4372a3ae010d461a8f4fa3515c8fb0cb,False,cycling,Cycling Workout,6e7d8a66e94e4c88abd8fcab2a1524ef,,1470395155.0,COMPLETE,,,400548.03,f9d3ca99fd5148dd89ecd7aa47bdb1c3,class,0.0,0.0,,,,,1470394120.0,1470379720.0,,,,George Hincapie,2016-08-05 10:48,Friday,morning,August-16
1470231882.0,home_bike_v1,1470234641.0,cycling,True,True,716322aa388a4e60a2c98fc7d8d986c2,False,cycling,Cycling Workout,7c5a3e5802c94a738cf0c0f152949df9,,1470231942.0,COMPLETE,,,393548.94,f9d3ca99fd5148dd89ecd7aa47bdb1c3,class,0.0,0.0,,,,,1470231882.0,1470217482.0,,,,George Hincapie,2016-08-03 13:44,Wednesday,early afternoon,August-16
1469195491.0,home_bike_v1,1469198250.0,cycling,True,True,2bdf6684931848c58eaf6862bcc07f21,False,cycling,Cycling Workout,35f94c9611694a30ae947139bd34c8d0,,1469195551.0,COMPLETE,,,383951.38,f9d3ca99fd5148dd89ecd7aa47bdb1c3,class,0.0,0.0,,,,,1469195491.0,1469181091.0,,,,Christian Vande Velde,2016-07-22 13:51,Friday,early afternoon,July-16
1467111953.0,home_bike_v1,1467113861.0,cycling,True,True,36359eed05194235bb53b57d88692b1d,False,cycling,Cycling Workout,9ca5a0ae62214b24a16ad3a8592d88fb,,1467112074.0,COMPLETE,,,254334.38,f9d3ca99fd5148dd89ecd7aa47bdb1c3,class,0.0,0.0,,,,,1467111953.0,1467097553.0,,,,Christian Vande Velde,2016-06-28 11:05,Tuesday,morning,June-16
1461885102.0,home_bike_v1,1461885954.0,cycling,True,True,702f54dd8f294930a64c121703473937,False,cycling,Cycling Workout,988d300885e54bd386cd414e7bb3771e,,1461885167.0,COMPLETE,,,16739.74,f9d3ca99fd5148dd89ecd7aa47bdb1c3,class,0.0,0.0,,,,,1461885102.0,1461870702.0,,,,Christian Vande Velde,2016-04-28 23:11,Thursday,late night,April-16
1460165585.0,home_bike_v1,1460166069.0,cycling,True,True,ee950f077cb7438ea6da456ba24665a0,False,cycling,Cycling Workout,027271f3bf134174a6ff0d904fafd736,,1460165644.0,COMPLETE,,,35958.28,f9d3ca99fd5148dd89ecd7aa47bdb1c3,class,0.0,0.0,,,,,1460165585.0,1460151185.0,,,,Christian Vande Velde,2016-04-09 01:33,Saturday,early morning,April-16
1460074606.0,home_bike_v1,1460075858.0,cycling,True,True,3dbfbe9bc2de4b29982f0106798c4640,False,cycling,Cycling Workout,c86a172eddc341709915f4d179f3c6b8,,1460074659.0,COMPLETE,,,199693.31,f9d3ca99fd5148dd89ecd7aa47bdb1c3,class,0.0,0.0,,,,,1460074606.0,1460060206.0,,,,Hannah Corbin,2016-04-08 00:16,Friday,early morning,April-16
1459779055.0,home_bike_v1,1459781640.0,cycling,True,True,c545540994fc466894de6db5e3d497f6,False,cycling,Cycling Workout,e55ae5a69c0b4a8990fc58fd02822e60,,1459779119.0,COMPLETE,,,335920.81,f9d3ca99fd5148dd89ecd7aa47bdb1c3,class,0.0,0.0,,,,,1459779055.0,1459764655.0,,,,George Hincapie,2016-04-04 14:10,Monday,early afternoon,April-16
1459601046.0,home_bike_v1,1459603906.0,cycling,True,True,ffcb1fbb70cc43508ed6cf4e28eafb82,False,cycling,Cycling Workout,666c562bf10d44fea3d05528e476a596,,1459601208.0,COMPLETE,,,366551.13,f9d3ca99fd5148dd89ecd7aa47bdb1c3,class,0.0,0.0,,,,,1459601046.0,1459586646.0,,,,Christian Vande Velde,2016-04-02 12:44,Saturday,early afternoon,April-16
1436795769.0,home_bike_v1,1436798633.0,cycling,True,True,fe755bd750fd4a2b92d4110d61c99635,False,cycling,Cycling Workout,30f03d4d13584362978dd63412742286,,1436795934.0,COMPLETE,,,381042.63,f9d3ca99fd5148dd89ecd7aa47bdb1c3,class,0.0,0.0,,,,,1436795769.0,1436781369.0,,,,Lisa Niren,2015-07-13 13:56,Monday,early afternoon,July-15
1432589445.0,home_bike_v1,1432589592.0,cycling,True,True,5cd3270cc38f49acb25b247d03b40208,False,cycling,Cycling Workout,1801c32f3dc44ee0b9852af7c5e11f35,,1432589537.0,COMPLETE,,,1774.03,f9d3ca99fd5148dd89ecd7aa47bdb1c3,class,0.0,0.0,,,,,1432589445.0,1432575045.0,,,,Christian Vande Velde,2015-05-25 21:30,Monday,late night,May-15
1431354741.0,home_bike_v1,1431357624.0,cycling,True,True,72d6046fe0c1442fa7c95d24596ad213,False,cycling,Cycling Workout,385e81ee350141d599d351e864a2ea7e,,1431354904.0,COMPLETE,,,362779.94,f9d3ca99fd5148dd89ecd7aa47bdb1c3,class,0.0,0.0,,,,,1431354741.0,1431340341.0,,,,Nicole Meline,2015-05-11 14:32,Monday,early afternoon,May-15
1431043273.0,home_bike_v1,1431043461.0,cycling,True,True,abf442ce372f484095f17e03c8a15629,False,cycling,Cycling Workout,5f071ebcd3254e78a5c61952651cf3cd,,1431043336.0,COMPLETE,,,198.86,f9d3ca99fd5148dd89ecd7aa47bdb1c3,class,0.0,0.0,,,,,1431043273.0,1431028873.0,,,,Christian Vande Velde,2015-05-08 00:01,Friday,early morning,May-15
1430014877.0,home_bike_v1,1430016129.0,cycling,True,True,5a04789ce50648599402c6dd4f9a257c,False,cycling,Cycling Workout,dccc5faee82647ccbf80aa57c96185d7,,1430014942.0,COMPLETE,,,56407.97,f9d3ca99fd5148dd89ecd7aa47bdb1c3,class,0.0,0.0,,,,,1430014877.0,1430000477.0,,,,Kim Fischer,2015-04-26 02:21,Sunday,early morning,April-15
1430013732.0,home_bike_v1,1430014764.0,cycling,True,True,bc16cd99ec034cfca276dd8ff446e893,False,cycling,Cycling Workout,4f6f75c5f9514dce86e245a186533dc4,,1430013838.0,COMPLETE,,,23322.55,f9d3ca99fd5148dd89ecd7aa47bdb1c3,class,0.0,0.0,,,,,1430013732.0,1429999332.0,,,,Christian Vande Velde,2015-04-26 02:02,Sunday,early morning,April-15
1430011221.0,home_bike_v1,1430011935.0,cycling,True,True,09981bc924c14260ae3cc2fc8bae42ea,False,cycling,Cycling Workout,97c9bed4cd374df383598b30ed8ddd63,,1430011281.0,COMPLETE,,,21763.13,f9d3ca99fd5148dd89ecd7aa47bdb1c3,class,0.0,0.0,,,,,1430011221.0,1429996821.0,,,,Christian Vande Velde,2015-04-26 01:20,Sunday,early morning,April-15
1430010864.0,home_bike_v1,1430011103.0,cycling,True,True,ff8df4b79cd54861af1faf061d4399da,False,cycling,Cycling Workout,24ae3efb4aa0471ca7156d2f6e9b0630,,1430010998.0,COMPLETE,,,6382.65,f9d3ca99fd5148dd89ecd7aa47bdb1c3,class,0.0,0.0,,,,,1430010864.0,1429996464.0,,,,Christian Vande Velde,2015-04-26 01:14,Sunday,early morning,April-15
1430005743.0,home_bike_v1,1430006550.0,cycling,True,True,bec340fa45a1462fa6fc538ddc5b6c6e,False,cycling,Cycling Workout,5a63de7abada435a8ad3bf8e34ea9236,,1430005798.0,COMPLETE,,,24271.86,f9d3ca99fd5148dd89ecd7aa47bdb1c3,class,0.0,0.0,,,,,1430005743.0,1429991343.0,,,,Christian Vande Velde,2015-04-25 23:49,Saturday,late night,April-15
1430003406.0,home_bike_v1,1430005270.0,cycling,True,True,a805281cc83c4a609c4693a290dadaee,False,cycling,Cycling Workout,a8a569759e9d45d28b1fc175a066481f,,1430003471.0,COMPLETE,,,53199.19,f9d3ca99fd5148dd89ecd7aa47bdb1c3,class,0.0,0.0,,,,,1430003406.0,1429989006.0,,,,Marion Berrian Roaman,2015-04-25 23:10,Saturday,late night,April-15
1430002844.0,home_bike_v1,1430003298.0,cycling,True,True,ea90d10190a44ed3a8166abb049c079e,False,cycling,Cycling Workout,80df02952b10484c9798d79a9fcb55f9,,1430002929.0,COMPLETE,,,10827.84,f9d3ca99fd5148dd89ecd7aa47bdb1c3,class,0.0,0.0,,,,,1430002844.0,1429988444.0,,,,Kim Fischer,2015-04-25 23:00,Saturday,late night,April-15
1430002530.0,home_bike_v1,1430002708.0,cycling,True,True,9907612dcdfa4f169fa42ac0f4ed3691,False,cycling,Cycling Workout,650e513f828942ddb7971e00e3536832,,1430002608.0,COMPLETE,,,3862.71,f9d3ca99fd5148dd89ecd7aa47bdb1c3,class,0.0,0.0,,,,,1430002530.0,1429988130.0,,,,Steph Nieman,2015-04-25 22:55,Saturday,late night,April-15
1429998636.0,home_bike_v1,1429998806.0,cycling,True,True,3a75a6b246204d279a6767f28820346a,False,cycling,Cycling Workout,41d5f84184b04ca3922dbc4a51488e98,,1429998709.0,COMPLETE,,,3226.45,f9d3ca99fd5148dd89ecd7aa47bdb1c3,class,0.0,0.0,,,,,1429998636.0,1429984236.0,,,,Steph Nieman,2015-04-25 21:50,Saturday,late night,April-15
1429993430.0,home_bike_v1,1429993832.0,cycling,True,True,4d034c5ec6b545debfb436d8ae1661ff,False,cycling,Cycling Workout,e10a723b733748daa386b97431bb12be,,1429993502.0,COMPLETE,,,9690.78,f9d3ca99fd5148dd89ecd7aa47bdb1c3,class,0.0,0.0,,,,,1429993430.0,1429979030.0,,,,Kim Fischer,2015-04-25 20:23,Saturday,evening,April-15
1427133622.0,home_bike_v1,1427136410.0,cycling,True,True,c66c36cb0da3475db320cf1a06a15888,False,cycling,Cycling Workout,613dcf3730134cbcaeeb27ae5ddfbd46,,1427133686.0,COMPLETE,,,375682.81,f9d3ca99fd5148dd89ecd7aa47bdb1c3,class,0.0,0.0,,,,,1427133622.0,1427119222.0,,,,Cody Rigsby,2015-03-23 18:00,Monday,evening,March-15
1425847248.0,home_bike_v1,1425848669.0,cycling,True,True,8d10fd8014bb4e8d884c794465892c7f,False,cycling,Scenic Ride,0252cf12e60947aca7f09c90ab69e154,,1425847281.0,COMPLETE,,,150263.2,f9d3ca99fd5148dd89ecd7aa47bdb1c3,scenic,0.0,0.0,,,,,1425847248.0,1425832848.0,,,,Scenic Ride,2015-03-08 20:40,Sunday,evening,March-15
1425835997.0,home_bike_v1,1425837822.0,cycling,True,True,8c92a109c2ae4d0180b662f8b1aeeab4,False,cycling,Scenic Ride,469ca85ccbdc4245b4f9bc6dd870af3c,,1425836031.0,COMPLETE,,,66363.44,f9d3ca99fd5148dd89ecd7aa47bdb1c3,scenic,0.0,0.0,,,,,1425835997.0,1425821597.0,,,,Scenic Ride,2015-03-08 17:33,Sunday,evening,March-15
1425510290.0,home_bike_v1,1425512350.0,cycling,True,True,f74133b063134c3bb06f7e89e6efd1d8,False,cycling,Scenic Ride,3116b1b8329d447c965091f27dc5a49d,,1425510323.0,COMPLETE,,,461680.69,f9d3ca99fd5148dd89ecd7aa47bdb1c3,scenic,0.0,0.0,,,,,1425510290.0,1425492290.0,,,,Scenic Ride,2015-03-04 23:04,Wednesday,late night,March-15
1425484739.0,home_bike_v1,1425487356.0,cycling,True,True,95e73cbf40fb4fbfbc5f0f2b4243ce8f,False,cycling,Scenic Ride,e9b1330b2b4f4a32a5f27c992a59139f,,1425484775.0,COMPLETE,,,500253.28,f9d3ca99fd5148dd89ecd7aa47bdb1c3,scenic,0.0,0.0,,,,,1425484739.0,1425466739.0,,,,Scenic Ride,2015-03-04 15:58,Wednesday,early afternoon,March-15
1425479890.0,home_bike_v1,1425482885.0,cycling,True,True,6349ca9910b1434bb84651922d567bea,False,cycling,Cycling Workout,f3df82cdbbcc4450b78521ca1e4e4849,,1425480047.0,COMPLETE,,,416582.28,f9d3ca99fd5148dd89ecd7aa47bdb1c3,class,0.0,0.0,,,,,1425479890.0,1425461890.0,,,,Cody Rigsby,2015-03-04 14:38,Wednesday,early afternoon,March-15
1425399364.0,home_bike_v1,1425401165.0,cycling,True,True,0e3d55c3580647cf99e00e1e159a5f7b,False,cycling,Scenic Ride,e92a52f669ce4aceb9a2afcb35ccc37c,,1425399420.0,COMPLETE,,,365942.28,f9d3ca99fd5148dd89ecd7aa47bdb1c3,scenic,0.0,0.0,,,,,1425399364.0,1425381364.0,,,,Scenic Ride,2015-03-03 16:16,Tuesday,early afternoon,March-15
1425338647.0,home_bike_v1,1425340783.0,cycling,True,True,d7e2478128ec4795bdc08ce89f049a6f,False,cycling,Scenic Ride,a87898cb441843078df37abed4e9b240,,1425338685.0,COMPLETE,,,394633.47,f9d3ca99fd5148dd89ecd7aa47bdb1c3,scenic,0.0,0.0,,,,,1425338647.0,1425320647.0,,,,Scenic Ride,2015-03-02 23:24,Monday,late night,March-15
1424883842.0,home_bike_v1,1424884514.0,cycling,True,True,f7da981c09004bca8abb4b8bace0dd78,False,cycling,Scenic Ride,62a166c5040c4030b5dd1df600ae0fe1,,1424883882.0,COMPLETE,,,112403.12,f9d3ca99fd5148dd89ecd7aa47bdb1c3,scenic,0.0,0.0,,,,,1424883842.0,1424865842.0,,,,Scenic Ride,2015-02-25 17:04,Wednesday,evening,February-15
1424702442.0,home_bike_v1,1424705230.0,cycling,True,True,2080553ea3ea4f79b444934f6757c2e2,False,cycling,Cycling Workout,0a2302cd5fe14812bc9ad09df29e854a,,1424702506.0,COMPLETE,,,358906.28,f9d3ca99fd5148dd89ecd7aa47bdb1c3,class,0.0,0.0,,,,,1424702442.0,1424684442.0,,,,Cody Rigsby,2015-02-23 14:40,Monday,early afternoon,February-15
1424702210.0,home_bike_v1,1424702280.0,cycling,True,True,5c6c8fde1afd483a96c340982f0ce830,False,cycling,Cycling Workout,b6d26cda4a3342bbbf77e9976da9da18,,1424702273.0,COMPLETE,,,9.08,f9d3ca99fd5148dd89ecd7aa47bdb1c3,class,0.0,0.0,,,,,1424702210.0,1424684210.0,,,,Kim Fischer,2015-02-23 14:36,Monday,early afternoon,February-15
1424360804.0,home_bike_v1,1424363750.0,cycling,True,True,56b9df76dc2f47929dfbf80dd1a1d1ad,False,cycling,Cycling Workout,8ee34781394b4642a6f64849f18c3815,,1424360981.0,COMPLETE,,,346433.75,f9d3ca99fd5148dd89ecd7aa47bdb1c3,class,0.0,0.0,,,,,1424360804.0,1424342804.0,,,,Tom Danielson,2015-02-19 15:46,Thursday,early afternoon,February-15
1424099264.0,home_bike_v1,1424102036.0,cycling,True,True,3f3afc663e7a44fab547559247675742,False,cycling,Cycling Workout,f7ebcf8f5423426fa4e4af6a09010e21,,1424099336.0,COMPLETE,,,363253.09,f9d3ca99fd5148dd89ecd7aa47bdb1c3,class,0.0,0.0,,,,,1424099264.0,1424081264.0,,,,Hannah Corbin,2015-02-16 15:07,Monday,early afternoon,February-15
1424086859.0,home_bike_v1,1424087877.0,cycling,True,True,9bc262b3c22c4b5496f86a9ff6d6c423,False,cycling,Scenic Ride,9ea70b1d10cb46c68455d62ef9b4a579,,1424086964.0,COMPLETE,,,164777.91,f9d3ca99fd5148dd89ecd7aa47bdb1c3,scenic,0.0,0.0,,,,,1424086859.0,1424068859.0,,,,Scenic Ride,2015-02-16 11:40,Monday,morning,February-15
1423669878.0,home_bike_v1,1423672644.0,cycling,True,True,5e97a0bf38eb49af863dd0d0e9be4e23,False,cycling,Cycling Workout,6e0be2a59bc640e5ab53bb97d8abbbfe,,1423669944.0,COMPLETE,,,649637.63,f9d3ca99fd5148dd89ecd7aa47bdb1c3,class,0.0,0.0,,,,,1423669878.0,1423651878.0,,,,Christian Vande Velde,2015-02-11 15:51,Wednesday,early afternoon,February-15
1423524645.0,home_bike_v1,1423527511.0,cycling,True,True,24d81262549f424ab9c2c45dfb8e0d63,False,cycling,Cycling Workout,b22707d851ed40d19dafec505e199c93,,1423524772.0,COMPLETE,,,641872.5,f9d3ca99fd5148dd89ecd7aa47bdb1c3,class,0.0,0.0,,,,,1423524645.0,1423506645.0,,,,Tom Danielson,2015-02-09 23:30,Monday,late night,February-15
1423493372.0,home_bike_v1,1423496833.0,cycling,True,True,ea35ae51ec0140acb75502bb10f5fd08,False,cycling,Cycling Workout,e120d918d6d24307aefecbcf2ee0860c,,1423493465.0,COMPLETE,,,483198.09,f9d3ca99fd5148dd89ecd7aa47bdb1c3,class,0.0,0.0,,,,,1423493372.0,1423475372.0,,,,Lisa Niren,2015-02-09 14:49,Monday,early afternoon,February-15
1423064152.0,home_bike_v1,1423066934.0,cycling,True,True,abfbbed9d0954b34885922f129688bf0,False,cycling,Cycling Workout,f5c73874f0de4ce0b98d1940767e61a3,,1423064240.0,COMPLETE,,,355313.09,f9d3ca99fd5148dd89ecd7aa47bdb1c3,class,0.0,0.0,,,,,1423064152.0,1423046152.0,,,,Jess King,2015-02-04 15:35,Wednesday,early afternoon,February-15
1422285284.0,home_bike_v1,1422288064.0,cycling,True,True,70daddf5cea04163ac1babcf5e6e8a2e,False,cycling,Cycling Workout,6dfb3a0f37054e2c88630d2183c92427,,1422285353.0,COMPLETE,,,354750.0,f9d3ca99fd5148dd89ecd7aa47bdb1c3,class,0.0,0.0,,,,,1422285284.0,1422267284.0,,,,Kim Fischer,2015-01-26 15:14,Monday,early afternoon,January-15
1421960256.0,home_bike_v1,1421960385.0,cycling,True,True,bd0d9d4e951e4326bde974543c6f512d,False,cycling,Cycling Workout,9fd0a796c7344dd59d9e054ece82aff9,,1421960318.0,COMPLETE,,,15137.08,f9d3ca99fd5148dd89ecd7aa47bdb1c3,class,0.0,0.0,,,,,1421960256.0,1421942256.0,,,,Jess King,2015-01-22 20:57,Thursday,evening,January-15
1421960053.0,home_bike_v1,1421960775.0,cycling,True,True,c939d7ff71ee4f0f901fa188ce3b476c,False,cycling,Scenic Ride,cdba2c3dc0ee4824a0d9c7ebf9787bdb,,1421960086.0,COMPLETE,,,102051.06,f9d3ca99fd5148dd89ecd7aa47bdb1c3,scenic,0.0,0.0,,,,,1421960053.0,1421942053.0,,,,Scenic Ride,2015-01-22 20:54,Thursday,evening,January-15
1421863878.0,home_bike_v1,1421865702.0,cycling,True,True,b21c3366ea9542299bd4469e88c98eb8,False,cycling,Scenic Ride,f833145ad48a44e0a5db885b714b2383,,1421863918.0,COMPLETE,,,410893.63,f9d3ca99fd5148dd89ecd7aa47bdb1c3,scenic,0.0,0.0,,,,,1421863878.0,1421845878.0,,,,Scenic Ride,2015-01-21 18:11,Wednesday,evening,January-15
1421846412.0,home_bike_v1,1421849183.0,cycling,True,True,2a7d711a460d48c1ab76c2ff738e34c7,False,cycling,Cycling Workout,5b92f90ee2664fa9b6b89beaac40d68d,,1421846487.0,COMPLETE,,,400695.41,f9d3ca99fd5148dd89ecd7aa47bdb1c3,class,0.0,0.0,,,,,1421846412.0,1421828412.0,,,,Robin Arzón,2015-01-21 13:20,Wednesday,early afternoon,January-15
1421159321.0,home_bike_v1,1421162083.0,cycling,True,True,3a9795d6575c46b7b33100f80d38f64a,False,cycling,Cycling Workout,b4f83c46a9c04bb4b3145450f93ddc89,,1421159385.0,COMPLETE,,,352047.75,f9d3ca99fd5148dd89ecd7aa47bdb1c3,class,0.0,0.0,,,,,1421159321.0,1421141321.0,,,,Cody Rigsby,2015-01-13 14:28,Tuesday,early afternoon,January-15
1420900344.0,home_bike_v1,1420904080.0,cycling,True,True,8fe0ea85bc3846b4b257f2348d3d0d35,False,cycling,Cycling Workout,3b77f6ffd7db4365b18cfdb1e5d62007,,1420900446.0,COMPLETE,,,495676.75,f9d3ca99fd5148dd89ecd7aa47bdb1c3,class,0.0,0.0,,,,,1420900344.0,1420882344.0,,,,Marion Berrian Roaman,2015-01-10 14:32,Saturday,early afternoon,January-15
1419766820.0,home_bike_v1,1419768653.0,cycling,True,True,dd4518ee9f464198b84f164840e28e9f,False,cycling,Scenic Ride,3eaaf20ee00b4326a202fbd82c3162cf,,1419766868.0,COMPLETE,,,362567.75,f9d3ca99fd5148dd89ecd7aa47bdb1c3,scenic,0.0,0.0,,,,,1419766820.0,1419748820.0,,,,Scenic Ride,2014-12-28 11:40,Sunday,morning,December-14
1419722621.0,home_bike_v1,1419725576.0,cycling,True,True,2090d1d88c494a60b473eb435fb70215,False,cycling,Cycling Workout,41111e857b3c4c97b9ad618f6274bc6d,,1419722807.0,COMPLETE,,,585353.13,f9d3ca99fd5148dd89ecd7aa47bdb1c3,class,0.0,0.0,,,,,1419722621.0,1419704621.0,,,,Tom Danielson,2014-12-27 23:23,Saturday,late night,December-14
1419547939.0,home_bike_v1,1419548087.0,cycling,True,True,82ce68d97bd1469292320fdd5eee7519,False,cycling,Cycling Workout,ce5e8cfa601247a1831920ab6b54a489,,1419548045.0,COMPLETE,,,10.67,f9d3ca99fd5148dd89ecd7aa47bdb1c3,class,0.0,0.0,,,,,1419547939.0,1419529939.0,,,,Christian Vande Velde,2014-12-25 22:52,Thursday,late night,December-14
1419530683.0,home_bike_v1,1419533499.0,cycling,True,True,b04329af58f74e2a9c48433a4b2c3461,False,cycling,Cycling Workout,0165d3fad8534e15bcc212bef625c487,,1419530790.0,COMPLETE,,,381324.44,f9d3ca99fd5148dd89ecd7aa47bdb1c3,class,0.0,0.0,,,,,1419530683.0,1419512683.0,,,,Christian Vande Velde,2014-12-25 18:04,Thursday,evening,December-14
1419389007.0,home_bike_v1,1419389541.0,cycling,True,True,4c77f1a6c0944429a8b0f48eb1852093,False,cycling,Cycling Workout,ac4f08e1a3474abe9c55fcbef04fec89,,1419389073.0,COMPLETE,,,27462.39,f9d3ca99fd5148dd89ecd7aa47bdb1c3,class,0.0,0.0,,,,,1419389007.0,1419371007.0,,,,Marion Berrian Roaman,2014-12-24 02:43,Wednesday,early morning,December-14
1419386099.0,home_bike_v1,1419388866.0,cycling,True,True,8d92126b9879423382436d1f7f826e3c,False,cycling,Cycling Workout,2324b70e90eb420c88dce572c05dd486,,1419386166.0,COMPLETE,,,123441.0,f9d3ca99fd5148dd89ecd7aa47bdb1c3,class,0.0,0.0,,,,,1419386099.0,1419368099.0,,,,Christian Vande Velde,2014-12-24 01:54,Wednesday,early morning,December-14
1419383956.0,home_bike_v1,1419385556.0,cycling,True,True,98c63073e3c041959566a741fb813556,False,cycling,Cycling Workout,380d53b8e85343c59d751ab0e88deb24,,1419384046.0,COMPLETE,,,72692.47,f9d3ca99fd5148dd89ecd7aa47bdb1c3,class,0.0,0.0,,,,,1419383956.0,1419365956.0,,,,Christian Vande Velde,2014-12-24 01:19,Wednesday,early morning,December-14
1419379774.0,home_bike_v1,1419380482.0,cycling,True,True,37b0471167624506b85cb1fda436e9c0,False,cycling,Cycling Workout,619e1dbe62aa4c9da82f645ef7818646,,1419379866.0,COMPLETE,,,32978.83,f9d3ca99fd5148dd89ecd7aa47bdb1c3,class,0.0,0.0,,,,,1419379774.0,1419361774.0,,,,Christian Vande Velde,2014-12-24 00:09,Wednesday,early morning,December-14
1419377715.0,home_bike_v1,1419379754.0,cycling,True,True,066b2ce01dfc4d04aa4400fd35a089bd,False,cycling,Cycling Workout,3716471e4a5945fb97303a5024863a95,,1419377763.0,COMPLETE,,,61721.42,f9d3ca99fd5148dd89ecd7aa47bdb1c3,class,0.0,0.0,,,,,1419377715.0,1419359715.0,,,,Alex Howes,2014-12-23 23:35,Tuesday,late night,December-14
1419359135.0,home_bike_v1,1419360988.0,cycling,True,True,486a1bc866ed4cc481d34d9eefff0ce7,False,cycling,Scenic Ride,0be2023ae61648179d12d4a8b039432b,,1419359145.0,COMPLETE,,,434088.72,f9d3ca99fd5148dd89ecd7aa47bdb1c3,scenic,0.0,0.0,,,,,1419359135.0,1419341135.0,,,,Scenic Ride,2014-12-23 18:25,Tuesday,evening,December-14
1419356786.0,home_bike_v1,1419358273.0,cycling,True,True,6efa6c68737d408691e1d3bdda5f533c,False,cycling,Cycling Workout,828b64cbaa974eb9aaa5350cc9af9df2,,1419356844.0,COMPLETE,,,54932.02,f9d3ca99fd5148dd89ecd7aa47bdb1c3,class,0.0,0.0,,,,,1419356786.0,1419338786.0,,,,Christian Vande Velde,2014-12-23 17:46,Tuesday,evening,December-14
1419355537.0,home_bike_v1,1419358326.0,cycling,True,True,6802df8f1a78471b834c4de4652118f0,False,cycling,Cycling Workout,128031a405bb409993737a57bcbeba4c,,1419355673.0,COMPLETE,,,21086.99,f9d3ca99fd5148dd89ecd7aa47bdb1c3,class,0.0,0.0,,,,,1419355537.0,1419337537.0,,,,Christian Vande Velde,2014-12-23 17:25,Tuesday,evening,December-14
