,created_at,device_type,end_time,fitness_discipline,has_pedaling_metrics,has_leaderboard_metrics,id,is_total_work_personal_record,metrics_type,name,peloton_id,platform,start_time,status,timezone,title,total_work,user_id,workout_type,total_video_watch_time_seconds,total_video_buffering_seconds,v2_total_video_watch_time_seconds,v2_total_video_buffering_seconds,total_music_audio_play_seconds,total_music_audio_buffer_seconds,created,device_time_created_at,strava_id,fitbit_id,effort_zones,ride,instructor_name
0,1643012320,iPhone,1643012410.0,running,False,False,0a95d79b00c2461c9a9cd77b176d7196,False,,Running Workout,a345de721aba4571b9a1d3205f883ae0,iOS_app,1643012380,COMPLETE,Europe/London,,0.0,2f890cbd3ff5484e8c64a3acdeb51592,class,0,0,45.0,11.0,,,1643012320,1643012320,,,,,Joslyn Thompson Rule
1,1642616815,prism,1642618851.0,walking,False,True,24fe3752a7f64140aaf8f924fae19fa7,True,running,Walking Workout,f32dc972f1124412b1123569433875d8,home_tread,1642617048,COMPLETE,UTC,,392542.05,2f890cbd3ff5484e8c64a3acdeb51592,class,0,0,2253.0,5.0,,,1642616815,1642616815,,,,,Susie Chan
2,1642431992,iPhone,1642435802.0,running,False,False,49c52439ed2c4253a2eb455ce79c622b,False,,Running Workout,2ec9a585eb004a9397f41e3eb67a6320,iOS_app,1642432053,COMPLETE,Europe/London,,0.0,2f890cbd3ff5484e8c64a3acdeb51592,class,0,0,1965.0,24.0,,,1642431992,1642431992,,,,,Joslyn Thompson Rule
3,1642367779,web,1642368073.0,meditation,False,False,4e8e53fa37304023bc8a322413f45444,False,,Meditation Workout,1b910dc4878a4070b66760aa328d26f9,web,1642367792,COMPLETE,Europe/London,,0.0,2f890cbd3ff5484e8c64a3acdeb51592,class,0,0,300.0,0.0,,,1642367779,1642367779,,,,,Anna Greenberg
4,1642367375,web,1642367692.0,yoga,False,False,47ba15f7ccdd4ec89c9da40fe08dc412,False,,Yoga Workout,74b423b313ac4f27b88da1f7c65c048a,web,1642367397,COMPLETE,Europe/London,,0.0,2f890cbd3ff5484e8c64a3acdeb51592,class,0,0,306.0,7.0,,,1642367375,1642367375,,,,,Chelsea Jackson Roberts
5,1642288261,web,1642289104.0,meditation,False,False,4359ca6158574e03a5f4bed3a356a7dc,False,,Meditation Workout,0c7891f7d8df4be1a8a7ff4d39db3b41,web,1642288814,COMPLETE,Europe/London,,0.0,2f890cbd3ff5484e8c64a3acdeb51592,class,0,0,328.0,3.0,,,1642288261,1642288261,,,,,Anna Greenberg
6,1642287887,web,1642288201.0,yoga,False,False,cece037fa0d142fa8a7411c11964585b,False,,Yoga Workout,971ba642aad948029990dc657d9bdbdb,web,1642287906,COMPLETE,Europe/London,,0.0,2f890cbd3ff5484e8c64a3acdeb51592,class,0,0,306.0,5.0,,,1642287887,1642287887,,,,,Chelsea Jackson Roberts
7,1642273854,prism,1642274514.0,walking,False,True,3a81ff2d64c6451a81cc7e58768e3805,False,running,Walking Workout,48f0162378e14de6a649ee62145e5390,home_tread,1642273914,COMPLETE,UTC,,54984.37,2f890cbd3ff5484e8c64a3acdeb51592,class,0,0,761.0,0.0,,,1642273854,1642273854,,,,,Joslyn Thompson Rule
8,1642272276,prism,1642273508.0,running,False,True,92ddfaa45cbf4493bd19161d743017bc,False,running,Running Workout,4e07ec1c51d24080a8c5a54b8b2a0b9d,home_tread,1642272307,COMPLETE,UTC,,281806.53,2f890cbd3ff5484e8c64a3acdeb51592,class,0,0,1233.0,1.0,,,1642272276,1642272276,,,,,Susie Chan
9,1642199606,web,1642199940.0,meditation,False,False,e13e6e43920545aca856f63c34031640,False,,Meditation Workout,7e5457f4841f4b2491af251dd884e272,web,1642199626,COMPLETE,Europe/London,,0.0,2f890cbd3ff5484e8c64a3acdeb51592,class,0,0,324.0,7.0,,,1642199606,1642199606,,,,,Anna Greenberg
10,1642198843,web,1642199552.0,yoga,False,False,e8ee10efbc294f82b9545a3d8e04835b,False,,Yoga Workout,e5728e0986a74b228df22a35403d1a39,web,1642198922,COMPLETE,Europe/London,,0.0,2f890cbd3ff5484e8c64a3acdeb51592,class,0,0,701.0,5.0,,,1642198843,1642198843,,,,,Aditi Shah
11,1642111099,web,1642111808.0,meditation,False,False,fc11236e549e4953a17526104e74fd57,False,,Meditation Workout,c34a709a2f72453c983b2a9fe5b1fa1f,web,1642111177,COMPLETE,Europe/London,,0.0,2f890cbd3ff5484e8c64a3acdeb51592,class,0,0,701.0,5.0,,,1642111099,1642111099,,,,,Aditi Shah
12,1642109428,web,1642110962.0,yoga,False,False,b9d622781f6644b9a8c8b5106c11ddf8,False,,Yoga Workout,54df4199dbfa40948c7afd02f55f2df0,web,1642109622,COMPLETE,Europe/London,,0.0,2f890cbd3ff5484e8c64a3acdeb51592,class,0,0,1410.0,3.0,,,1642109428,1642109428,,,,,Denis Morton
13,1642061086,iPhone,1642062889.0,running,False,False,3d1b28322dc943229f87c4ca83ae8705,False,,Running Workout,8c6895d84cea4eaaa82841f4aa15adfd,iOS_app,1642061178,COMPLETE,Europe/London,,0.0,2f890cbd3ff5484e8c64a3acdeb51592,class,0,0,1801.0,0.0,,,1642061086,1642061086,,,,,Selena Samuela
14,1642024811,web,1642025506.0,meditation,False,False,c7da15f32d2148219b97776b89bda30a,False,,Meditation Workout,963571165a0343aa9e4272e8b53e9e49,web,1642024889,COMPLETE,Europe/London,,0.0,2f890cbd3ff5484e8c64a3acdeb51592,class,0,0,687.0,5.0,,,1642024811,1642024811,,,,,Anna Greenberg
15,1642022301,web,1642023760.0,yoga,False,False,e5edccb394f24d2493afaded707f3e37,False,,Yoga Workout,7f76e89b18b54af887b19bf9d65f225d,web,1642022420,COMPLETE,Europe/London,,0.0,2f890cbd3ff5484e8c64a3acdeb51592,class,0,0,1377.0,5.0,,,1642022301,1642022301,,,,,Chelsea Jackson Roberts
16,1642009255,prism,1642010515.0,running,False,True,4475f74adf7c425fba37769bbf92a9e2,True,running,Running Workout,beaeba0bd207480eaeee0146f01b5b97,home_tread,1642009315,COMPLETE,UTC,,306887.21,2f890cbd3ff5484e8c64a3acdeb51592,class,0,0,1301.0,7.0,,,1642009255,1642009255,,,,,Becs Gentry
17,1642002170,iPhone,1642002782.0,stretching,False,False,86d4fe3986324f429a761c5d4bd2af9e,False,,Stretching Workout,5f5002dba364476ebbea622f3809a121,iOS_app,1642002199,COMPLETE,Europe/London,,0.0,2f890cbd3ff5484e8c64a3acdeb51592,class,0,0,604.0,4.0,,,1642002170,1642002170,,,,,Joslyn Thompson Rule
18,1642001827,iPhone,1642002150.0,stretching,False,False,24aeda5acb524d148cc803c8716a6a9a,False,,Stretching Workout,877cc512960e46c6943bdc85423b38b3,iOS_app,1642001856,COMPLETE,Europe/London,,0.0,2f890cbd3ff5484e8c64a3acdeb51592,class,0,0,315.0,1.0,,,1642001827,1642001827,,,,,Joslyn Thompson Rule
19,1642001645,iPhone,1642001761.0,stretching,False,False,8df4321afa534d209ba2e5ae7ef49041,False,,Stretching Workout,8893d683831f4d5489e985c220012fdf,iOS_app,1642001674,COMPLETE,Europe/London,,0.0,2f890cbd3ff5484e8c64a3acdeb51592,class,0,0,64.0,43.0,,,1642001645,1642001645,,,,,Joslyn Thompson Rule
20,1641936683,web,1641937458.0,meditation,False,False,c8547b05e0eb4380a1c1979e6b563599,False,,Meditation Workout,9b3937939cdb42a3968dd4609f99d0a5,web,1641936762,COMPLETE,Europe/London,,0.0,2f890cbd3ff5484e8c64a3acdeb51592,class,0,0,724.0,5.0,,,1641936683,1641936683,,,,,Kirra Michel
21,1641935218,web,1641936644.0,yoga,False,False,10dff237b6e94877a885c63676e018e0,False,,Yoga Workout,078b58a8b4e3408e8e1f844bc6d77d79,web,1641935327,COMPLETE,Europe/London,,0.0,2f890cbd3ff5484e8c64a3acdeb51592,class,0,0,1387.0,5.0,,,1641935218,1641935218,,,,,Ross Rayburn
22,1641902666,prism,1641905425.0,running,False,True,00148ad45dd14d14baa9c35fe8040605,True,running,Running Workout,64251af17c604dcbb32a4088ef94f4d0,home_tread,1641902727,COMPLETE,UTC,,686760.2,2f890cbd3ff5484e8c64a3acdeb51592,class,0,0,3044.0,0.0,,,1641902666,1641902666,,,,,Susie Chan
23,1641236823,prism,1641236883.0,walking,False,True,f3b65a2ef7254bc2ae4e67e811e6b8b7,False,running,Walking Workout,1249caf4e74c4cf3ace52d0fc2ca6141,home_tread,1641236883,COMPLETE,UTC,,0.0,2f890cbd3ff5484e8c64a3acdeb51592,class,0,0,4.0,0.0,,,1641236823,1641236823,,,,,Joslyn Thompson Rule
24,1641235534,prism,1641236788.0,walking,False,True,4d919cf93d4245119a0e193407b98a8d,True,running,Walking Workout,fa6e38616826409dadfc526f99c00f04,home_tread,1641235589,COMPLETE,UTC,,174245.68,2f890cbd3ff5484e8c64a3acdeb51592,class,0,0,1269.0,1.0,,,1641235534,1641235534,,,,,Kirsten Ferguson
25,1641233635,prism,1641235495.0,running,False,True,5f4ee817400d4c4da2352462cabcdc5b,True,running,Running Workout,8d869ccd00434accabe928ecc998c468,home_tread,1641233695,COMPLETE,UTC,,486637.81,2f890cbd3ff5484e8c64a3acdeb51592,class,0,0,1876.0,0.0,,,1641233635,1641233635,,,,,Robin Arzón
26,1641232858,prism,1641233518.0,walking,False,True,9f9d67be455d412ebf88e969414e262f,False,running,Walking Workout,8c6120cdc05d4b6fb8d2db18c80b891f,home_tread,1641232918,COMPLETE,UTC,,63420.81,2f890cbd3ff5484e8c64a3acdeb51592,class,0,0,674.0,3.0,,,1641232858,1641232858,,,,,Joslyn Thompson Rule
27,1641148863,iPhone,1641148939.0,stretching,False,False,a85da59b86cc4ea6b85eb3fedda290e9,False,,Stretching Workout,a64e89215af24693b2642fe3032801ac,iOS_app,1641148892,COMPLETE,Europe/London,,0.0,2f890cbd3ff5484e8c64a3acdeb51592,class,0,0,53.0,17.0,,,1641148863,1641148863,,,,,Joslyn Thompson Rule
28,1641066915,prism,1641066975.0,running,False,True,7197d004f2764ee4afe92c9ff3268d02,False,running,Running Workout,cae6d706d2084e9ba71bd0ca0fa52967,home_tread,1641066975,COMPLETE,UTC,,0.0,2f890cbd3ff5484e8c64a3acdeb51592,class,0,0,2.0,2.0,,,1641066915,1641066915,,,,,Joslyn Thompson Rule
29,1641066883,prism,1641066943.0,running,False,True,ace9c3df25d242089efa29fa1d27e560,False,running,Running Workout,2b324065af2c472598ee9f9012cf02e4,home_tread,1641066943,COMPLETE,UTC,,0.0,2f890cbd3ff5484e8c64a3acdeb51592,class,0,0,6.0,0.0,,,1641066883,1641066883,,,,,Joslyn Thompson Rule
30,1641066822,prism,1641066843.0,stretching,False,False,f47cd193fc00432f8eab443508ba760e,False,,Stretching Workout,6bc0b120458543e6943bff67d8588700,home_tread,1641066825,COMPLETE,UTC,,0.0,2f890cbd3ff5484e8c64a3acdeb51592,class,0,0,19.0,0.0,,,1641066822,1641066822,,,,,Joslyn Thompson Rule
31,1641065377,prism,1641066660.0,running,False,True,f5e292cc75af492996dc3cc508c2e28b,False,running,Running Workout,fbcb2519008841aead5ee15a29e58e5f,home_tread,1641065461,COMPLETE,UTC,,286516.23,2f890cbd3ff5484e8c64a3acdeb51592,class,0,0,1401.0,0.0,,,1641065377,1641065377,,,,,Joslyn Thompson Rule
32,1640948818,iPhone,1640950107.0,walking,False,False,72c9da9deb1b4e5481ecf7b6b3f446ae,False,,Walking Workout,f26a9665c89a45aba2fc5fce22061088,iOS_app,1640948909,COMPLETE,Europe/London,,0.0,2f890cbd3ff5484e8c64a3acdeb51592,class,0,0,1429.0,1.0,,,1640948818,1640948818,,,,,Joslyn Thompson Rule
33,1640706216,iPhone,1640709354.0,running,False,False,e50e25c5d53b441b8ff978bbf156363e,False,,Running Workout,7c0cdc64011c4dabb8699d484aa98731,iOS_app,1640706305,COMPLETE,Europe/London,,0.0,2f890cbd3ff5484e8c64a3acdeb51592,class,0,0,1809.0,0.0,,,1640706216,1640706216,,,,,Joslyn Thompson Rule
34,1640363297,prism,1640364257.0,walking,False,True,8a4405b8663e4aff9cb810725e8582d9,True,running,Walking Workout,452e0c7db907497db4675bb0fe9efa7a,home_tread,1640363358,COMPLETE,UTC,,128722.82,2f890cbd3ff5484e8c64a3acdeb51592,class,0,0,1038.0,0.0,,,1640363297,1640363297,,,,,Matty Maggiacomo
35,1640256911,iPhone,1640257240.0,running,False,False,3b12a79aca0046c0af734f615f0163a7,False,,Running Workout,4ba95ec39aed4c908b4716751421e1f3,iOS_app,1640256940,COMPLETE,Europe/London,,0.0,2f890cbd3ff5484e8c64a3acdeb51592,class,0,0,250.0,29.0,,,1640256911,1640256911,,,,,Joslyn Thompson Rule
36,1640040696,iPhone,1640041325.0,running,False,False,a8e7322cb44d46f9b65138e6efd0f44a,False,,Running Workout,f9e8eb926c134ec49b904360d45d1f37,iOS_app,1640040725,COMPLETE,Europe/London,,0.0,2f890cbd3ff5484e8c64a3acdeb51592,class,0,0,736.0,12.0,,,1640040696,1640040696,,,,,Joslyn Thompson Rule
37,1640026972,prism,1640028358.0,walking,False,True,b4a0873cebd9404290230c6db63bd604,False,running,Walking Workout,b0662d89c9294e328d2236a855c17018,home_tread,1640027156,COMPLETE,UTC,,141385.01,2f890cbd3ff5484e8c64a3acdeb51592,class,0,0,1545.0,1.0,,,1640026972,1640026972,,,,,Joslyn Thompson Rule
38,1640025633,prism,1640026158.0,walking,False,True,ba25060dec564a1ea8389925290136ab,False,running,Walking Workout,ee77fa3b0ef94f18bc9903bb2369b207,home_tread,1640025693,COMPLETE,UTC,,49248.75,2f890cbd3ff5484e8c64a3acdeb51592,class,0,0,520.0,2.0,,,1640025633,1640025633,,,,,Joslyn Thompson Rule
39,1639744237,iPhone,1639744896.0,running,False,False,7d887f96c761439c9249cf395bcc7ac2,False,,Running Workout,bf3b8089cda34750bd06dd4fa81b5224,iOS_app,1639744356,COMPLETE,Europe/London,,0.0,2f890cbd3ff5484e8c64a3acdeb51592,class,0,0,719.0,26.0,,,1639744237,1639744237,,,,,Joslyn Thompson Rule
40,1639618907,iPhone,1639619169.0,meditation,False,False,02e574c427c44234a7db520b38dee850,False,,Meditation Workout,2468ca64395f4b6a8fac4fce9211fc0b,iOS_app,1639618937,COMPLETE,Europe/London,,0.0,2f890cbd3ff5484e8c64a3acdeb51592,class,0,0,242.0,13.0,,,1639618907,1639618907,,,,,Ross Rayburn
41,1639618558,iPhone,1639618887.0,meditation,False,False,6bc1314b63f64c6fbdacfe93682ea691,False,,Meditation Workout,3dc3633edd0f4595bac795374db0ae9a,iOS_app,1639618587,COMPLETE,Europe/London,,0.0,2f890cbd3ff5484e8c64a3acdeb51592,class,0,0,332.0,0.0,,,1639618558,1639618558,,,,,Chelsea Jackson Roberts
42,1639388310,iPhone,1639388579.0,running,False,False,d629556d560440bb91c418ba5b3dc665,False,,Running Workout,04b5e4ffb0c54dc29fc071d4dc8ade9f,iOS_app,1639388374,COMPLETE,Europe/London,,0.0,2f890cbd3ff5484e8c64a3acdeb51592,class,0,0,454.0,29.0,,,1639388310,1639388310,,,,,Joslyn Thompson Rule
43,1639230408,iPhone,1639230903.0,running,False,False,c53fae7166294a9bbb6170747d551bc2,False,,Running Workout,bcba3b91105e48aebaa65ffe6e780509,iOS_app,1639230438,COMPLETE,Europe/London,,0.0,2f890cbd3ff5484e8c64a3acdeb51592,class,0,0,419.0,70.0,,,1639230408,1639230408,,,,,Joslyn Thompson Rule
44,1639230115,iPhone,1639230387.0,cycling,False,False,4075f0e0873f4ed7887473d391e598f7,False,,Cycling Workout,f14c3009344542c0a3461d14f8c04244,iOS_app,1639230174,COMPLETE,Europe/London,,0.0,2f890cbd3ff5484e8c64a3acdeb51592,class,0,0,245.0,18.0,,,1639230115,1639230115,,,,,Kendall Toole
45,1639063876,iPhone,1639065136.0,walking,False,False,5749d12a41034393b6b7cbe9647526e0,False,,Walking Workout,3f5d564fc5404a6cae1f37bd2c1eb5f5,iOS_app,1639063936,COMPLETE,Europe/London,,0.0,2f890cbd3ff5484e8c64a3acdeb51592,class,0,0,50.0,5.0,,,1639063876,1639063876,,,,,Joslyn Thompson Rule
46,1639061944,iPhone,1639063730.0,walking,False,False,77490d5126f04a1086dd26af6d2a304c,False,,Walking Workout,0f23c3e79d0247469948bbc6beaf32fe,iOS_app,1639061973,COMPLETE,Europe/London,,0.0,2f890cbd3ff5484e8c64a3acdeb51592,class,0,0,1354.0,16.0,,,1639061944,1639061944,,,,,Joslyn Thompson Rule
47,1639061211,iPhone,1639061923.0,walking,False,False,62b355b40cd74ca6a99fa4e3959be5e3,False,,Walking Workout,2addf6ae47d44a6bacae353f2c8dd792,iOS_app,1639061300,COMPLETE,Europe/London,,0.0,2f890cbd3ff5484e8c64a3acdeb51592,class,0,0,709.0,1.0,,,1639061211,1639061211,,,,,Joslyn Thompson Rule
48,1639007278,iPhone,1639007906.0,stretching,False,False,4ef9ef82cf0a4feaa5a98f410f98410b,False,,Stretching Workout,f850acaf545c4e1ea7a39615e9c1e066,iOS_app,1639007307,COMPLETE,Europe/London,,0.0,2f890cbd3ff5484e8c64a3acdeb51592,class,0,0,598.0,0.0,,,1639007278,1639007278,,,,,Joslyn Thompson Rule
49,1638994813,iPhone,1638996694.0,running,False,False,4739fabf298f45c8ac2bc4107c05bcfd,False,,Running Workout,0180f5d114d84d22a8a9813dad28c30a,iOS_app,1638994894,COMPLETE,Europe/London,,0.0,2f890cbd3ff5484e8c64a3acdeb51592,class,0,0,1994.0,5.0,,,1638994813,1638994813,,,,,Joslyn Thompson Rule
50,1638810786,prism,1638810846.0,running,False,True,82ca7894d3e9432aad3d04a0f03f7385,False,running,Running Workout,fb0ade54875a42ddafb8cc294454f612,home_tread,1638810846,COMPLETE,UTC,,0.0,2f890cbd3ff5484e8c64a3acdeb51592,class,0,0,6.0,0.0,,,1638810786,1638810786,,,,,Joslyn Thompson Rule
51,1638810740,prism,1638810800.0,walking,False,True,2fabe14f700341689f2a3808da329c65,False,running,Walking Workout,e4c103dea8fa4d12a88f6761ceea45a9,home_tread,1638810800,COMPLETE,UTC,,0.0,2f890cbd3ff5484e8c64a3acdeb51592,class,0,0,7.0,0.0,,,1638810740,1638810740,,,,,Joslyn Thompson Rule
52,1638630552,iPhone,1638631302.0,running,False,False,632fff3831284f42a73e07e9bc90975a,False,,Running Workout,bb3abcdaf41e44cf89dc44acf2e95351,iOS_app,1638630581,COMPLETE,Europe/London,,0.0,2f890cbd3ff5484e8c64a3acdeb51592,class,0,0,698.0,13.0,,,1638630552,1638630552,,,,,Joslyn Thompson Rule
53,1638629652,iPhone,1638629808.0,walking,False,False,b1bf5482a2b34173b5434bf59d792643,False,,Walking Workout,c46efe579fc44296b1aadb7b41dea997,iOS_app,1638629681,COMPLETE,Europe/London,,0.0,2f890cbd3ff5484e8c64a3acdeb51592,class,0,0,149.0,2.0,,,1638629652,1638629652,,,,,Joslyn Thompson Rule
54,1638616151,iPhone,1638616296.0,strength,False,False,7d908dc340164b25b51f3d985bf73655,False,,Strength Workout,435e1a44b4c443e3b4dacfbd4c50628d,iOS_app,1638616210,COMPLETE,Europe/London,,0.0,2f890cbd3ff5484e8c64a3acdeb51592,class,0,0,75.0,55.0,,,1638616151,1638616151,,,,,Jess Sims
55,1638456625,iPhone,1638456892.0,walking,False,False,dcd59042d21548f9a32f7c92ab4a85d5,False,,Walking Workout,47c5eb43b8f746a88499fdfeb98867cc,iOS_app,1638456654,COMPLETE,Europe/London,,0.0,2f890cbd3ff5484e8c64a3acdeb51592,class,0,0,218.0,41.0,,,1638456625,1638456625,,,,,Joslyn Thompson Rule
56,1638305178,iPhone,1638306018.0,running,False,False,1730f869073a447797a68b8c641229a4,False,,Running Workout,8660c13290ee462cb31165ce7753a4b2,iOS_app,1638305208,COMPLETE,Europe/London,,0.0,2f890cbd3ff5484e8c64a3acdeb51592,class,0,0,907.0,6.0,,,1638305178,1638305178,,,,,Joslyn Thompson Rule
57,1638304388,iPhone,1638305147.0,walking,False,False,382f4deb6d9f42f4a3574d6601cc36f2,False,,Walking Workout,54cfd9ad5aa441b5af4c6dfa4a616b10,iOS_app,1638304448,COMPLETE,Europe/London,,0.0,2f890cbd3ff5484e8c64a3acdeb51592,class,0,0,745.0,11.0,,,1638304388,1638304388,,,,,Joslyn Thompson Rule
58,1638053814,iPhone,1638053962.0,running,False,False,4a8ecb04bddf48f7834f0817978b6175,False,,Running Workout,8418b7f5afcd47be811146574f4b8a9b,iOS_app,1638053843,COMPLETE,Europe/London,,0.0,2f890cbd3ff5484e8c64a3acdeb51592,class,0,0,135.0,11.0,,,1638053814,1638053814,,,,,Joslyn Thompson Rule
59,1638023291,iPhone,1638023540.0,running,False,False,3e027c62a7b44cf8809a0b7542955eaf,False,,Running Workout,50521a7fc64249ee9cc63f39d095dd3f,iOS_app,1638023325,COMPLETE,Europe/London,,0.0,2f890cbd3ff5484e8c64a3acdeb51592,class,0,0,222.0,18.0,,,1638023291,1638023291,,,,,Joslyn Thompson Rule
60,1638016342,iPhone,1638017781.0,running,False,False,19434e059e174cbda1615d48a2d78388,False,,Running Workout,f9ec501cda79419ebd95e64eefd313bb,iOS_app,1638016372,COMPLETE,Europe/London,,0.0,2f890cbd3ff5484e8c64a3acdeb51592,class,0,0,1458.0,23.0,,,1638016342,1638016342,,,,,Joslyn Thompson Rule
61,1637949500,prism,1637952355.0,running,False,True,287dfbf73afe44aaa6a90bfa2d63b226,False,running,Running Workout,ba500df11d8a486d8a123c21ed4cf32d,home_tread,1637949651,COMPLETE,UTC,,642748.87,2f890cbd3ff5484e8c64a3acdeb51592,class,0,0,2969.0,1.0,,,1637949500,1637949500,,,,,Susie Chan
62,1637917271,iPhone,1637920412.0,cycling,False,False,de868a9d1fe446dab8b6e86291ca936f,False,,Cycling Workout,b9abf344e5ba4a24a74fdee9ac144717,iOS_app,1637917300,COMPLETE,Europe/London,,0.0,2f890cbd3ff5484e8c64a3acdeb51592,class,0,0,3069.0,5.0,,,1637917271,1637917271,,,,,Robin Arzón
63,1637698373,iPhone,1637698911.0,running,False,False,58fc2f09e6cb4d6db57459a369a3dd3e,False,,Running Workout,a3ed3ee872754ba98d4af09f921149d8,iOS_app,1637698402,COMPLETE,Europe/London,,0.0,2f890cbd3ff5484e8c64a3acdeb51592,class,0,0,514.0,18.0,,,1637698373,1637698373,,,,,Joslyn Thompson Rule
64,1637326492,iPhone,1637328382.0,cycling,False,False,a74d407ac5db441bac895590beb8d3d6,False,,Cycling Workout,5eb8e15d51b54d7d8cffe0e588f8bf26,iOS_app,1637326582,COMPLETE,Europe/London,,0.0,2f890cbd3ff5484e8c64a3acdeb51592,class,0,0,1993.0,1.0,,,1637326492,1637326492,,,,,Hannah Frankson
65,1637263223,iPhone,1637263582.0,running,False,False,b95a9fd52dbb44ad869a8e8c95265a57,False,,Running Workout,16658f14418345b0bc651e33ec179449,iOS_app,1637263252,COMPLETE,Europe/London,,0.0,2f890cbd3ff5484e8c64a3acdeb51592,class,0,0,507.0,0.0,,,1637263223,1637263223,,,,,Jermaine Johnson
66,1637263060,iPhone,1637263183.0,cycling,False,False,eadd98b969de470fb6913a8f8fa85068,False,,Cycling Workout,56c46eeeb47044a5b187e3e994127726,iOS_app,1637263119,COMPLETE,Europe/London,,0.0,2f890cbd3ff5484e8c64a3acdeb51592,class,0,0,111.0,10.0,,,1637263060,1637263060,,,,,Mayla Wedekind
67,1637247985,iPhone,1637248164.0,running,False,False,04e99721fc2f4349a5cd0fd44a6b7fd6,False,,Running Workout,62dff87af4934bd092389b0b05094a6c,iOS_app,1637248104,COMPLETE,Europe/London,,0.0,2f890cbd3ff5484e8c64a3acdeb51592,class,0,0,69.0,18.0,,,1637247985,1637247985,,,,,Joslyn Thompson Rule
68,1637247848,iPhone,1637247928.0,running,False,False,58f47477e8334c2dba57e33067aab6d5,False,,Running Workout,c0f92660af0d4e38985dd933d9a3e98f,iOS_app,1637247878,COMPLETE,Europe/London,,0.0,2f890cbd3ff5484e8c64a3acdeb51592,class,0,0,64.0,9.0,,,1637247848,1637247848,,,,,Joslyn Thompson Rule
69,1637247452,iPhone,1637247522.0,running,False,False,969f0152d0724f53935b256d8a47cb88,False,,Running Workout,56411100d9d14c82bdbaee02e8f753d9,iOS_app,1637247482,COMPLETE,Europe/London,,0.0,2f890cbd3ff5484e8c64a3acdeb51592,class,0,0,47.0,19.0,,,1637247452,1637247452,,,,,Rebecca Kennedy
70,1637247263,iPhone,1637247344.0,running,False,False,4bcdcdf5fb1a4b3fb0217c0ff4b609be,False,,Running Workout,12374f56e8c942b39ddffc0b2c8db65b,iOS_app,1637247292,COMPLETE,Europe/London,,0.0,2f890cbd3ff5484e8c64a3acdeb51592,class,0,0,69.0,10.0,,,1637247263,1637247263,,,,,Marina Andresen
71,1637241436,iPhone,1637242126.0,running,False,False,0299d5fa19c44bfc878f853a7c487cd0,False,,Running Workout,bcbe6e4013874f849a756c22579ef509,iOS_app,1637241466,COMPLETE,Europe/London,,0.0,2f890cbd3ff5484e8c64a3acdeb51592,class,0,0,764.0,12.0,,,1637241436,1637241436,,,,,Joslyn Thompson Rule
72,1637241166,iPhone,1637241411.0,walking,False,False,806758c0733045f2b51f85e8a375bd77,False,,Walking Workout,d9b55dac7d83455798d8c5be1da87d95,iOS_app,1637241196,COMPLETE,Europe/London,,0.0,2f890cbd3ff5484e8c64a3acdeb51592,class,0,0,227.0,13.0,,,1637241166,1637241166,,,,,Joslyn Thompson Rule
73,1636826518,iPhone,1636826717.0,walking,False,False,01e617c137b14d85b34e040b6b301230,False,,Walking Workout,0019af69df7f483caeb353012457a35a,iOS_app,1636826547,COMPLETE,Europe/London,,0.0,2f890cbd3ff5484e8c64a3acdeb51592,class,0,0,174.0,16.0,,,1636826518,1636826518,,,,,Joslyn Thompson Rule
74,1636489476,web,1636489683.0,walking,False,False,e8a85c1af06b4ed795157be470cfb734,False,,Walking Workout,6e2a8903ed3b4866b0f2f14cda8dbd06,web,1636489503,COMPLETE,Europe/London,,0.0,2f890cbd3ff5484e8c64a3acdeb51592,class,0,0,129.0,25.0,,,1636489476,1636489476,,,,,Joslyn Thompson Rule
75,1636479081,web,1636479289.0,walking,False,False,9548b6e81c944162abbd6fda3dc5da13,False,,Walking Workout,4163c1fb2908409689eefb1b3f1686e7,web,1636479130,COMPLETE,Europe/London,,0.0,2f890cbd3ff5484e8c64a3acdeb51592,class,0,0,165.0,43.0,,,1636479081,1636479081,,,,,Becs Gentry
76,1636393760,prism,1636393820.0,running,False,True,d76edbc241d6423c8f652a839ea799fe,False,running,Running Workout,abe5b39cda8643cfbdf86ce24df7680d,home_tread,1636393820,COMPLETE,UTC,,0.0,2f890cbd3ff5484e8c64a3acdeb51592,class,0,0,31.0,0.0,,,1636393760,1636393760,,,,,Joslyn Thompson Rule
77,1636390177,iPhone,1636390416.0,cycling,False,False,d650fe80ac844347b88c0b12a692ac7b,False,,Cycling Workout,962ce78bf2a546859ef569ba25601113,iOS_app,1636390236,COMPLETE,Europe/London,,0.0,2f890cbd3ff5484e8c64a3acdeb51592,class,0,0,194.0,12.0,,,1636390177,1636390177,,,,,Hannah Frankson
78,1636295509,web,1636295845.0,cycling,False,False,519b040a134d45888dd95c618d1a0471,False,,Cycling Workout,7b4595d6acde435880e801506134b005,web,1636295746,COMPLETE,Europe/London,,0.0,2f890cbd3ff5484e8c64a3acdeb51592,class,0,0,112.0,30.0,,,1636295509,1636295509,,,,,Alex Toussaint
79,1636123019,web,1636124211.0,running,False,False,35289a6a6f844711905be2b290118805,False,,Running Workout,c9290bdfc6a6441baa3a56d6fd98cc38,web,1636123093,COMPLETE,Europe/London,,0.0,2f890cbd3ff5484e8c64a3acdeb51592,class,0,0,,,,,1636123019,1636123019,,,,,Adrian Williams
80,1636110743,iPhone,1636111762.0,running,False,False,f40a3923b1b74a33824ddfee97beda1e,False,,Running Workout,bdf3fb17013f442592a60840c85a781c,iOS_app,1636110832,COMPLETE,Europe/London,,0.0,2f890cbd3ff5484e8c64a3acdeb51592,class,0,0,1011.0,7.0,,,1636110743,1636110743,,,,,Adrian Williams
81,1636108738,iPhone,1636110717.0,running,False,False,53d945fa66414d4b8edfa64b7e4625bd,False,,Running Workout,579bee568ef9403a8cf76c81b4e29362,iOS_app,1636108827,COMPLETE,Europe/London,,0.0,2f890cbd3ff5484e8c64a3acdeb51592,class,0,0,1962.0,14.0,,,1636108738,1636108738,,,,,Andy Speer
82,1636107099,iPhone,1636107422.0,running,False,False,5c8885214f324d7694b70d0b4291b7d0,False,,Running Workout,b925b69b279241d88bffcc35d652eaa8,iOS_app,1636107188,COMPLETE,Europe/London,,0.0,2f890cbd3ff5484e8c64a3acdeb51592,class,0,0,312.0,8.0,,,1636107099,1636107099,,,,,Andy Speer
83,1636105980,iPhone,1636107069.0,running,False,False,3f8d86d3e5bf4b2a91b3bfd0cee30a3c,False,,Running Workout,30ad1cf73a524d1d8102cd0ed2e06b60,iOS_app,1636106069,COMPLETE,Europe/London,,0.0,2f890cbd3ff5484e8c64a3acdeb51592,class,0,0,1054.0,7.0,,,1636105980,1636105980,,,,,Matt Wilpers
84,1636103707,iPhone,1636105961.0,running,False,False,c384bbac3c144e3d93b87e3d6d7fa29e,False,,Running Workout,965ea0c8041c4145b449af3999682bd3,iOS_app,1636103798,COMPLETE,Europe/London,,0.0,2f890cbd3ff5484e8c64a3acdeb51592,class,0,0,1668.0,70.0,,,1636103707,1636103707,,,,,Matt Wilpers
85,1636049455,prism,1636050068.0,running,False,True,c6162e16f7a04154be0bb403e6e59232,False,running,Running Workout,3089ddd40f5b48aeb629bfb42bb21e4d,home_tread,1636049468,COMPLETE,UTC,,101714.56,2f890cbd3ff5484e8c64a3acdeb51592,class,0,0,762.0,3.0,,,1636049455,1636049455,,,,,Joslyn Thompson Rule
86,1636046224,prism,1636048984.0,running,False,True,5bbae01bfce24dd29f9d7e5e1c568d7e,False,running,Running Workout,e1c65c24f124422ab0f233ef4f597870,home_tread,1636046284,COMPLETE,UTC,,648549.43,2f890cbd3ff5484e8c64a3acdeb51592,class,0,0,2901.0,1.0,,,1636046224,1636046224,,,,,Becs Gentry
87,1635789571,prism,1635790767.0,running,False,True,b56b4ce0fbab4f39891ffafa55a225e8,False,running,Running Workout,a9c3c905ef5c48698b4ea0cfb0aadd16,home_tread,1635789593,COMPLETE,UTC,,248244.03,2f890cbd3ff5484e8c64a3acdeb51592,class,0,0,1190.0,2.0,,,1635789571,1635789571,,,,,Selena Samuela
88,1635608960,iPhone,1635609955.0,running,False,False,62443d20ebf745dead7fdd113bb6d5ee,False,,Running Workout,b79b98a4a09449ab99fc6ab6a6b6a710,iOS_app,1635608989,COMPLETE,Europe/London,,0.0,2f890cbd3ff5484e8c64a3acdeb51592,class,0,0,86.0,24.0,,,1635608960,1635612560,,,,,Olivia Amato
89,1635608231,iPhone,1635608886.0,running,False,False,20ce732bd2cb4f54be442fe3feff0af9,False,,Running Workout,7e266ea60ec94ffabd57d5bec59d9d31,iOS_app,1635608260,COMPLETE,Europe/London,,0.0,2f890cbd3ff5484e8c64a3acdeb51592,class,0,0,630.0,20.0,,,1635608231,1635611831,,,,,Joslyn Thompson Rule
90,1635359039,iPhone,1635364228.0,running,False,False,3418c848c16149f28a52fa994b8cd98f,False,,Running Workout,6c52722e6bc94c8988c1fd872f0e0cbe,iOS_app,1635359128,COMPLETE,Europe/London,,0.0,2f890cbd3ff5484e8c64a3acdeb51592,class,0,0,383.0,3.0,,,1635359039,1635362639,,,,,Becs Gentry
91,1635358404,iPhone,1635359005.0,running,False,False,790431f473644567bf9d3e7d9262bb85,False,,Running Workout,928117d9a36742509ceeb62dd711578a,iOS_app,1635358493,COMPLETE,Europe/London,,0.0,2f890cbd3ff5484e8c64a3acdeb51592,class,0,0,597.0,0.0,,,1635358404,1635362004,,,,,Marcel Dinkins
92,1635356134,prism,1635357394.0,running,False,True,ef060b9b1e39473cad86f83e50b09965,False,running,Running Workout,f0a3d4f5075842b0b67cb2c3d3031244,home_tread,1635356192,COMPLETE,Etc/GMT-1,,255673.51,2f890cbd3ff5484e8c64a3acdeb51592,class,0,0,1381.0,1.0,,,1635356134,1635359734,,,,,Matt Wilpers
93,1635356024,iPhone,1635357073.0,running,False,False,dab940e739dd4311990a69ec654e5701,False,,Running Workout,216b62be9e3f406d887437e4ef805ee9,iOS_app,1635356053,COMPLETE,Europe/London,,0.0,2f890cbd3ff5484e8c64a3acdeb51592,class,0,0,1195.0,0.0,,,1635356024,1635359624,,,,,Jon Hosking
94,1635355881,prism,1635356051.0,running,False,True,83b55533c15e4a38aca9a056408a97eb,False,running,Running Workout,216b62be9e3f406d887437e4ef805ee9,home_tread,1635355883,COMPLETE,Etc/GMT-1,,9918.42,2f890cbd3ff5484e8c64a3acdeb51592,class,0,0,164.0,2.0,,,1635355881,1635359481,,,,,Jon Hosking
95,1635349999,iPhone,1635351288.0,running,False,False,3c4533b52ca34d55815a63b24869695e,False,,Running Workout,b048c762febf48e9847d775f0c187b71,iOS_app,1635350088,COMPLETE,Europe/London,,0.0,2f890cbd3ff5484e8c64a3acdeb51592,class,0,0,386.0,1.0,,,1635349999,1635353599,,,,,Susie Chan
96,1635316348,iPhone,1635317612.0,running,False,False,153951225f564569a7eaa67182966b16,False,,Running Workout,47159767cdfa48d497dcaf53566b3ac1,iOS_app,1635316377,COMPLETE,Europe/London,,0.0,2f890cbd3ff5484e8c64a3acdeb51592,class,0,0,382.0,0.0,,,1635316348,1635319948,,,,,Susie Chan
97,1635284632,iPhone,1635284696.0,circuit,False,False,2a1199ba5f5241249cbc909b86cc6a3b,False,,Tread Bootcamp Workout,9558e0ed076240ae8a13d317aacff3ab,iOS_app,1635284662,COMPLETE,Europe/London,,0.0,2f890cbd3ff5484e8c64a3acdeb51592,class,0,0,60.0,0.0,,,1635284632,1635288232,,,,,Jess Sims
98,1635284211,iPhone,1635284599.0,running,False,False,2f2ab3f240e344e3864ff0e50466014c,False,,Running Workout,5a984096d0d5452b8362113cbd383866,iOS_app,1635284271,COMPLETE,Europe/London,,0.0,2f890cbd3ff5484e8c64a3acdeb51592,class,0,0,363.0,19.0,,,1635284211,1635287811,,,,,Joslyn Thompson Rule
99,1635283879,iPhone,1635284179.0,circuit,False,False,be6ae7b14a1a4520a106ced3f4ce06f1,False,,Tread Bootcamp Workout,9558e0ed076240ae8a13d317aacff3ab,iOS_app,1635283909,COMPLETE,Europe/London,,0.0,2f890cbd3ff5484e8c64a3acdeb51592,class,0,0,296.0,0.0,,,1635283879,1635287479,,,,,Jess Sims
0,1635274499,iPhone,1635275698.0,walking,False,False,d29ad807d9af4a389fed7230598295db,False,,Walking Workout,321857ef29b34fdeab3a27ec8a1b4a17,iOS_app,1635274558,COMPLETE,Europe/London,,0.0,2f890cbd3ff5484e8c64a3acdeb51592,class,0,0,1256.0,26.0,,,1635274499,1635278099,,,,,Joslyn Thompson Rule
1,1635249660,prism,1635251802.0,running,False,False,e618b550766d4a749e8e453b6930c055,False,running,Running Workout,,home_tread,1635249662,COMPLETE,Europe/London,35 min 40 sec Just Run,174236.85,2f890cbd3ff5484e8c64a3acdeb51592,freestyle,0,0,,,,,1635249660,1635253260,,,,"{'id': '00000000000000000000000000000000', 'is_archived': False, 'instructor': {'name': 'JUST RIDE', 'image_url': 'https://s3.amazonaws.com/peloton-ride-images/just-ride.png'}, 'title': '35 min 40 sec Just Run', 'scheduled_start_time': 1635249660, 'duration': 2140}",freestyle
2,1635018074,prism,1635019830.0,running,False,False,9a63ce66056741a5b6c0c5298cb0c687,False,running,Running Workout,,home_tread,1635018076,COMPLETE,Europe/London,29 min 14 sec Just Run,218621.19,2f890cbd3ff5484e8c64a3acdeb51592,freestyle,0,0,,,,,1635018074,1635021674,,,,"{'id': '00000000000000000000000000000000', 'is_archived': False, 'instructor': {'name': 'JUST RIDE', 'image_url': 'https://s3.amazonaws.com/peloton-ride-images/just-ride.png'}, 'title': '29 min 14 sec Just Run', 'scheduled_start_time': 1635018074, 'duration': 1754}",freestyle
3,1635018007,prism,1635018065.0,running,False,False,26f3418c5d9b48a1b059d54e9e570bc2,False,running,Running Workout,,home_tread,1635018009,COMPLETE,Europe/London,56 sec Just Run,3115.62,2f890cbd3ff5484e8c64a3acdeb51592,freestyle,0,0,,,,,1635018007,1635021607,,,,"{'id': '00000000000000000000000000000000', 'is_archived': False, 'instructor': {'name': 'JUST RIDE', 'image_url': 'https://s3.amazonaws.com/peloton-ride-images/just-ride.png'}, 'title': '56 sec Just Run', 'scheduled_start_time': 1635018007, 'duration': 56}",freestyle
4,1635015105,prism,1635016365.0,running,False,True,e721b0c77dae42cebf8c0fcea885b77b,False,running,Running Workout,7afd330684934718b6d2c43a3fbdeb03,home_tread,1635015164,COMPLETE,Etc/GMT-1,,273893.54,2f890cbd3ff5484e8c64a3acdeb51592,class,0,0,1478.0,2.0,,,1635015105,1635018705,,,,,Jermaine Johnson
5,1634995551,prism,1634997051.0,running,False,True,0ecfb58aef144f32961836805de93d94,False,running,Running Workout,f2923bfabf734a5289f281e52e2d365b,home_tread,1634995849,COMPLETE,Etc/GMT-1,,49730.12,2f890cbd3ff5484e8c64a3acdeb51592,class,0,0,1889.0,1.0,,,1634995551,1634999151,,,,,Jon Hosking
6,1634973942,prism,1634974315.0,running,False,True,b0ba1f1c72ba44239185119fbb549ac4,False,running,Scenic Run,028d9f201d6e441e9e7bfe177211adb0,home_tread,1634973988,COMPLETE,Etc/GMT-1,,30934.74,2f890cbd3ff5484e8c64a3acdeb51592,scenic,0,0,371.0,0.0,,,1634973942,1634977542,,,,,Adrian Williams
7,1634972991,prism,1634973923.0,running,False,True,8bea489e722a4f3bbfbee4ae81d34a0b,True,running,Scenic Run,1367aed773b844d1b3d21d95536b4402,home_tread,1634972993,COMPLETE,Etc/GMT-1,,208974.36,2f890cbd3ff5484e8c64a3acdeb51592,scenic,0,0,925.0,0.0,925.0,0.0,1634972991,1634976591,,,,,Scenic Run
8,1634667027,iPhone,1634667116.0,running,False,False,a1f54483575546bd8688285df6d50c5f,False,,Running Workout,ca11f34515e34c2398e67da831a45e8e,iOS_app,1634667056,COMPLETE,Europe/London,,0.0,2f890cbd3ff5484e8c64a3acdeb51592,class,0,0,50.0,5.0,,,1634667027,1634670627,,,,,Jermaine Johnson
9,1634657458,iPhone,1634657577.0,running,False,False,c82f7fc607fe4942b0b49ab0fffd2d9c,False,,Running Workout,07e09b65bb9c488eaf0b2974cfb25a6a,iOS_app,1634657487,COMPLETE,Europe/London,,0.0,2f890cbd3ff5484e8c64a3acdeb51592,class,0,0,166.0,4.0,,,1634657458,1634661058,,,,,Jermaine Johnson
10,1634578966,prism,1634581694.0,running,False,True,011a00aa11494113b50d7873add09513,False,running,Running Workout,c1c2e3585dbd46a2a3d4ff8dc717fb7f,home_tread,1634578994,COMPLETE,Etc/GMT-1,,567157.47,2f890cbd3ff5484e8c64a3acdeb51592,class,0,0,2853.0,1.0,,,1634578966,1634582566,,,,,Jess Sims
11,1634500641,iPhone,1634501120.0,walking,False,False,a50542cf757b4c6fb001ed84bee66fa4,False,,Walking Workout,b806f82429944ea3a87c425db4103f37,iOS_app,1634500670,COMPLETE,Europe/London,,0.0,2f890cbd3ff5484e8c64a3acdeb51592,class,0,0,360.0,26.0,,,1634500641,1634504241,,,,,Becs Gentry
12,1634500497,iPhone,1634500617.0,walking,False,False,b065b06fa7fa4c93a0df45db008a120f,False,,Walking Workout,a3790ad6431e450aa932f6723e50ae88,iOS_app,1634500527,COMPLETE,Europe/London,,0.0,2f890cbd3ff5484e8c64a3acdeb51592,class,0,0,117.0,5.0,,,1634500497,1634504097,,,,,Rebecca Kennedy
13,1634500252,iPhone,1634500461.0,walking,False,False,062b7030b89145dabe92f78ba4aff8bc,False,,Walking Workout,fff152e93ee247ec8cafc70d390bf1af,iOS_app,1634500282,COMPLETE,Europe/London,,0.0,2f890cbd3ff5484e8c64a3acdeb51592,class,0,0,202.0,18.0,,,1634500252,1634503852,,,,,Andy Speer
14,1634499590,iPhone,1634500219.0,walking,False,False,d19d6e0115ed4edeaeb9df297b58c2f1,False,,Walking Workout,9cf3e9c2d80345c79f39277f6a69e913,iOS_app,1634499619,COMPLETE,Europe/London,,0.0,2f890cbd3ff5484e8c64a3acdeb51592,class,0,0,645.0,4.0,,,1634499590,1634503190,,,,,Andy Speer
15,1634495028,prism,1634496236.0,running,False,False,8ba991eb7c3a4285aa4798db14eff4a1,False,running,Running Workout,,home_tread,1634495029,COMPLETE,Europe/London,20 min 7 sec Just Run,276519.98,2f890cbd3ff5484e8c64a3acdeb51592,freestyle,0,0,,,,,1634495028,1634498628,,,,"{'id': '00000000000000000000000000000000', 'is_archived': False, 'instructor': {'name': 'JUST RIDE', 'image_url': 'https://s3.amazonaws.com/peloton-ride-images/just-ride.png'}, 'title': '20 min 7 sec Just Run', 'scheduled_start_time': 1634495028, 'duration': 1207}",freestyle
16,1634494860,prism,1634494869.0,running,False,False,9189c5cbd7544540812a3c20e2469371,False,running,Running Workout,,home_tread,1634494862,COMPLETE,Europe/London,7 sec Just Run,0.0,2f890cbd3ff5484e8c64a3acdeb51592,freestyle,0,0,,,,,1634494860,1634498460,,,,"{'id': '00000000000000000000000000000000', 'is_archived': False, 'instructor': {'name': 'JUST RIDE', 'image_url': 'https://s3.amazonaws.com/peloton-ride-images/just-ride.png'}, 'title': '7 sec Just Run', 'scheduled_start_time': 1634494860, 'duration': 7}",freestyle
17,1634493975,prism,1634494730.0,running,False,True,c6655db8cfeb4cce82a725829275e062,False,running,Running Workout,8ee1d7eeff2b4db384ca2fdbc60bc98d,home_tread,1634494033,COMPLETE,Etc/GMT-1,,153969.3,2f890cbd3ff5484e8c64a3acdeb51592,class,0,0,751.0,1.0,,,1634493975,1634497575,,,,,Olivia Amato
18,1634044232,iPhone,1634044351.0,walking,False,False,e68c390a4fcf40aba94854766730762e,False,,Walking Workout,5137fe704015445fa8578214119ead1c,iOS_app,1634044291,COMPLETE,Europe/London,,0.0,2f890cbd3ff5484e8c64a3acdeb51592,class,0,0,61.0,21.0,,,1634044232,1634047832,,,,,Kirsten Ferguson
19,1634044077,iPhone,1634044199.0,walking,False,False,484826ea229f4a15ac2c7975a9682ea0,False,,Walking Workout,b20657373d41464fa7480558179eeea9,iOS_app,1634044106,COMPLETE,Europe/London,,0.0,2f890cbd3ff5484e8c64a3acdeb51592,class,0,0,60.0,23.0,,,1634044077,1634047677,,,,,Jess Sims
20,1634042434,iPhone,1634042861.0,walking,False,False,a52935bd7f264c8d8320c4416fad217f,False,,Walking Workout,fc337d38508341dba23955b5d68ead91,iOS_app,1634042463,COMPLETE,Europe/London,,0.0,2f890cbd3ff5484e8c64a3acdeb51592,class,0,0,44.0,32.0,,,1634042434,1634046034,,,,,Chase Tucker
21,1633970156,prism,1633970779.0,walking,False,True,4e6e2f237a784e7cab0bb8f32e6f4a88,False,running,Walking Workout,61efc0cdbf0a409e977138721214f5c8,home_tread,1633970180,COMPLETE,Etc/GMT-1,,59091.39,2f890cbd3ff5484e8c64a3acdeb51592,class,0,0,728.0,2.0,,,1633970156,1633973756,,,,,Daniel McKenna
22,1633968070,prism,1633969930.0,running,False,True,2dcf46e512644f629a4afcfbddebb545,False,running,Running Workout,68e8a9862c1b464d8354637841b9915f,home_tread,1633968131,COMPLETE,Etc/GMT-1,,461153.19,2f890cbd3ff5484e8c64a3acdeb51592,class,0,0,2020.0,1.0,,,1633968070,1633971670,,,,,Becs Gentry
23,1633803656,prism,1633803704.0,running,False,True,46bcf84910b8415f8affe332126012c7,False,running,Running Workout,5d076e3af20a4a8880817e697cc94b65,home_tread,1633803704,COMPLETE,Etc/GMT-1,,0.0,2f890cbd3ff5484e8c64a3acdeb51592,class,0,0,43.0,1.0,,,1633803656,1633807256,,,,,Becs Gentry
24,1633802017,prism,1633803277.0,running,False,True,b73b307dd9634c2384311fed57a38a7b,False,running,Running Workout,b5de228ed89245f9abf809b9c9909784,home_tread,1633802078,COMPLETE,Etc/GMT-1,,288604.54,2f890cbd3ff5484e8c64a3acdeb51592,class,0,0,1405.0,2.0,,,1633802017,1633805617,,,,,Susie Chan
25,1633057128,iPhone,1633057733.0,meditation,False,False,145f48c0ff414c81b4f4449767d680e4,False,,Meditation Workout,2dc2b4f4a38e459b94095ea1ad3ebb62,iOS_app,1633057157,COMPLETE,Europe/London,,0.0,2f890cbd3ff5484e8c64a3acdeb51592,class,0,0,596.0,0.0,,,1633057128,1633060728,,,,,Chelsea Jackson Roberts
26,1632931527,prism,1632932450.0,running,False,True,6566e80cfe874a16bd570d73750df159,False,running,Running Workout,fdc5c1443fc34bee9a411d03ead2d174,home_tread,1632931528,COMPLETE,Etc/GMT-1,,165716.61,2f890cbd3ff5484e8c64a3acdeb51592,class,0,0,1088.0,2.0,,,1632931527,1632935127,,,,,Tobias Heinze
27,1632931191,prism,,strength,False,False,5381477013ed400ebbe5bcea335ad515,False,,Strength Workout,9a4f858d510543d297b675c01e6ee811,home_tread,1632931250,COMPLETE,Etc/GMT-1,,0.0,2f890cbd3ff5484e8c64a3acdeb51592,class,0,0,27.0,1.0,,,1632931191,1632934791,,,,,Chase Tucker
28,1632672797,prism,1632673457.0,walking,False,True,92b28b5158034d639f78c2a12b48ff2e,True,running,Walking Workout,67284baea0be498d8fc7719fdc994558,home_tread,1632672858,COMPLETE,Etc/GMT-1,,66026.97,2f890cbd3ff5484e8c64a3acdeb51592,class,0,0,826.0,0.0,,,1632672797,1632676397,,,,,Susie Chan
29,1632672633,prism,1632672766.0,running,False,True,e0cfccebc2904bc48143728aa971c55e,False,running,Running Workout,ef5fa6dcb641466ebdf4364f1ef674ad,home_tread,1632672652,COMPLETE,Etc/GMT-1,,17096.0,2f890cbd3ff5484e8c64a3acdeb51592,class,0,0,125.0,7.0,,,1632672633,1632676233,,,,,Jess King
30,1632669729,prism,1632672489.0,running,False,True,d5f4ff94e88f4f1cb5ce728dd96825ba,False,running,Running Workout,7e7ffe163540485b83d319a0f8c050d7,home_tread,1632669790,COMPLETE,Etc/GMT-1,,645924.94,2f890cbd3ff5484e8c64a3acdeb51592,class,0,0,2780.0,0.0,,,1632669729,1632673329,,,,,Matt Wilpers
31,1632504429,prism,1632505494.0,running,False,False,2962c9d8337948e69deab0192906b3d0,False,running,Running Workout,,home_tread,1632504430,COMPLETE,Europe/London,17 min 44 sec Just Run,207015.75,2f890cbd3ff5484e8c64a3acdeb51592,freestyle,0,0,,,,,1632504429,1632508029,,,,"{'id': '00000000000000000000000000000000', 'is_archived': False, 'instructor': {'name': 'JUST RIDE', 'image_url': 'https://s3.amazonaws.com/peloton-ride-images/just-ride.png'}, 'title': '17 min 44 sec Just Run', 'scheduled_start_time': 1632504429, 'duration': 1064}",freestyle
32,1632224877,iPhone,1632224961.0,running,False,False,55a86170f8334be084f31c8be373e4a9,False,,Running Workout,2c375d50fb234b7fbeab9a5c92cb6c3f,iOS_app,1632224936,COMPLETE,Europe/London,,0.0,2f890cbd3ff5484e8c64a3acdeb51592,class,0,0,,,,,1632224877,1632228477,,,,,Susie Chan
33,1632065054,prism,1632067730.0,running,False,False,63626f07f97648db9ee52fedf3603e47,False,running,Running Workout,,home_tread,1632065056,COMPLETE,Europe/London,44 min 34 sec Just Run,246570.26,2f890cbd3ff5484e8c64a3acdeb51592,freestyle,0,0,,,,,1632065054,1632068654,,,,"{'id': '00000000000000000000000000000000', 'is_archived': False, 'instructor': {'name': 'JUST RIDE', 'image_url': 'https://s3.amazonaws.com/peloton-ride-images/just-ride.png'}, 'title': '44 min 34 sec Just Run', 'scheduled_start_time': 1632065054, 'duration': 2674}",freestyle
34,1631992005,prism,1631993094.0,running,False,False,2ca77296801044c4911c8a35ddb73dd9,False,running,Running Workout,,home_tread,1631992006,COMPLETE,Europe/London,18 min 8 sec Just Run,120725.44,2f890cbd3ff5484e8c64a3acdeb51592,freestyle,0,0,,,,,1631992005,1631995605,,,,"{'id': '00000000000000000000000000000000', 'is_archived': False, 'instructor': {'name': 'JUST RIDE', 'image_url': 'https://s3.amazonaws.com/peloton-ride-images/just-ride.png'}, 'title': '18 min 8 sec Just Run', 'scheduled_start_time': 1631992005, 'duration': 1088}",freestyle
35,1631991063,prism,1631991681.0,running,False,True,6cb2aa7618f94d0ba5f2f579b099fce1,True,running,Running Workout,fc7ca74da2e74b6084ad51c02e57deeb,home_tread,1631991083,COMPLETE,Etc/GMT-1,,106957.05,2f890cbd3ff5484e8c64a3acdeb51592,class,0,0,684.0,4.0,,,1631991063,1631994663,,,,,Jermaine Johnson
36,1631904483,prism,1631904757.0,running,False,True,f5a553b54bfd4c8c8f45581870bad25b,False,running,Running Workout,39aff8be5c5e45c192bbf2d2d4a57489,home_tread,1631904544,COMPLETE,Etc/GMT-1,,0.0,2f890cbd3ff5484e8c64a3acdeb51592,class,0,0,271.0,1.0,,,1631904483,1631908083,,,,,Rebecca Kennedy
37,1631904366,prism,1631904468.0,running,False,True,72f036b932f94e6ca2193d452d4271d8,False,running,Running Workout,f24910bb75cc4b4dbcfd4336dd0439d0,home_tread,1631904427,COMPLETE,Etc/GMT-1,,0.0,2f890cbd3ff5484e8c64a3acdeb51592,class,0,0,100.0,1.0,,,1631904366,1631907966,,,,,Marcel Dinkins
38,1631904262,prism,1631904352.0,running,False,True,6ffbd81834254b9a8e7b3620ce890457,False,running,Running Workout,1dbcb2f94ccf4c6e97fbea416e8256da,home_tread,1631904323,COMPLETE,Etc/GMT-1,,0.0,2f890cbd3ff5484e8c64a3acdeb51592,class,0,0,87.0,1.0,,,1631904262,1631907862,,,,,Kirsten Ferguson
39,1631904114,prism,1631904226.0,walking,False,True,bd27887b3b30442eb4635b74902151b8,False,running,Walking Workout,98aeca691016489186721419d73e2547,home_tread,1631904115,COMPLETE,Etc/GMT-1,,0.0,2f890cbd3ff5484e8c64a3acdeb51592,class,0,0,107.0,4.0,,,1631904114,1631907714,,,,,Jess King
40,1631903951,prism,1631904102.0,yoga,False,False,5dd284fe5dac4f57aebf9eb0870d6541,False,,Yoga Workout,35f0f2844eba4799a71efa3b49d3e3d5,home_tread,1631903953,COMPLETE,Etc/GMT-1,,0.0,2f890cbd3ff5484e8c64a3acdeb51592,class,0,0,145.0,4.0,,,1631903951,1631907551,,,,,Anna Greenberg
41,1631903906,prism,1631903966.0,running,False,True,fe58150e103f47dd8589d24c72687160,False,running,Running Workout,31e7aec960294ba2b061596ed3b5f981,home_tread,1631903966,COMPLETE,Etc/GMT-1,,0.0,2f890cbd3ff5484e8c64a3acdeb51592,class,0,0,26.0,0.0,,,1631903906,1631907506,,,,,Susie Chan
42,1631903873,prism,1631903933.0,running,False,True,bbad841a309c473a8f2c47478c9d76fe,False,running,Running Workout,d4f8c9bf786c42c79ca81397cbf356b7,home_tread,1631903933,COMPLETE,Etc/GMT-1,,0.0,2f890cbd3ff5484e8c64a3acdeb51592,class,0,0,18.0,0.0,,,1631903873,1631907473,,,,,Jermaine Johnson
43,1631903405,prism,1631903606.0,running,False,True,3174eae0013542899cc6cceaa2ea8258,False,running,Scenic Run,bbfa687f4ac14a06a56061c4e110b91d,home_tread,1631903407,COMPLETE,Etc/GMT-1,,20595.03,2f890cbd3ff5484e8c64a3acdeb51592,scenic,0,0,198.0,0.0,198.0,0.0,1631903405,1631907005,,,,,Scenic Run
44,1631891812,iPhone,1631893072.0,running,False,False,2508bf0767b3418299567bddf79effbf,False,,Running Workout,4b2e4bea64cf4008a77a623bebd137aa,iOS_app,1631891872,COMPLETE,Europe/London,,0.0,2f890cbd3ff5484e8c64a3acdeb51592,class,0,0,,,,,1631891812,1631895412,,,,,Susie Chan
45,1631891008,iPhone,1631891697.0,running,False,False,b36567bf63634454b08c07a65771a004,False,,Running Workout,22ecd5cd34774c3b9c0cd42dfd4df905,iOS_app,1631891067,COMPLETE,Europe/London,,0.0,2f890cbd3ff5484e8c64a3acdeb51592,class,0,0,,,,,1631891008,1631894608,,,,,Susie Chan
46,1631885900,prism,1631885964.0,strength,False,False,0d2120fd2b0b4784a2a088e504562a0c,False,,Strength Workout,ed2f11841d8c43899322fe2b151e71ee,home_tread,1631885902,COMPLETE,Etc/GMT-1,,0.0,2f890cbd3ff5484e8c64a3acdeb51592,class,0,0,55.0,7.0,,,1631885900,1631889500,,,,,Jess Sims
47,1631730389,prism,1631731477.0,running,False,True,ce980dfa86854ec382b16bbb60954d40,False,running,Running Workout,91925b7c90e74606a8eb56a82dee5613,home_tread,1631730601,COMPLETE,Etc/GMT-1,,2111.4,2f890cbd3ff5484e8c64a3acdeb51592,class,0,0,229.0,3.0,,,1631730389,1631733989,,,,,Becs Gentry
48,1631728700,prism,1631730050.0,running,False,True,7dc653c0ab9e48508c43586277651e0f,False,running,Running Workout,4eb6c82023634bdda317057fb84b01cc,home_tread,1631728852,COMPLETE,Etc/GMT-1,,224950.06,2f890cbd3ff5484e8c64a3acdeb51592,class,0,0,1448.0,12.0,,,1631728700,1631732300,,,,,Jermaine Johnson
49,1631708071,prism,1631708131.0,running,False,False,559904866409418c9ebbe0deba08c691,False,running,Running Workout,,home_tread,1631708073,COMPLETE,Europe/London,58 sec Just Run,12212.42,2f890cbd3ff5484e8c64a3acdeb51592,freestyle,0,0,,,,,1631708071,1631711671,,,,"{'id': '00000000000000000000000000000000', 'is_archived': False, 'instructor': {'name': 'JUST RIDE', 'image_url': 'https://s3.amazonaws.com/peloton-ride-images/just-ride.png'}, 'title': '58 sec Just Run', 'scheduled_start_time': 1631708071, 'duration': 58}",freestyle
50,1631706494,prism,1631707753.0,running,False,True,a508d817333a496fb25d12f521460658,False,running,Running Workout,c41ac6f8408c4cc4a1c47d6a1a4a56d5,home_tread,1631706554,COMPLETE,Etc/GMT-1,,249485.64,2f890cbd3ff5484e8c64a3acdeb51592,class,0,0,1422.0,0.0,,,1631706494,1631710094,,,,,Adrian Williams
51,1631706316,prism,1631706376.0,running,False,True,9bb1a6cd9b9a41958438ff42aafd8d22,False,running,Running Workout,a1f91199ae754731bb470dc98f91e8d1,home_tread,1631706376,COMPLETE,Etc/GMT-1,,0.0,2f890cbd3ff5484e8c64a3acdeb51592,class,0,0,24.0,1.0,,,1631706316,1631709916,,,,,Robin Arzón
52,1631701300,iPhone,1631701784.0,cycling,False,False,ca72540bdde84545a87d97c59e640a88,False,,Cycling Workout,d3c301cf908f4b7eb5a66ce6599f878e,iOS_app,1631701390,COMPLETE,Europe/London,,0.0,2f890cbd3ff5484e8c64a3acdeb51592,class,0,0,,,,,1631701300,1631704900,,,,,Hannah Frankson
53,1631700791,iPhone,1631701268.0,cycling,False,False,7ed1982462da4788a1266713abf3972d,False,,Cycling Workout,c6d7b016a4444bfb91959ab92b82c8d1,iOS_app,1631700880,COMPLETE,Europe/London,,0.0,2f890cbd3ff5484e8c64a3acdeb51592,class,0,0,,,,,1631700791,1631704391,,,,,Leanne Hainsby
54,1631700026,prism,1631700327.0,circuit,False,True,3b4d9c4880de4df9a1c9b135f18b8694,False,running,Tread Bootcamp Workout,565fb5cd7e3549b4bdbc7bbf21b940a2,home_tread,1631700087,COMPLETE,Etc/GMT-1,,0.0,2f890cbd3ff5484e8c64a3acdeb51592,class,0,0,299.0,1.0,,,1631700026,1631703626,,,,,Jess Sims
55,1631699900,prism,1631700010.0,running,False,True,453968177f7042fb8dca34137f1a2d30,False,running,Running Workout,7a0a9e55103647879c9be4801adf1be9,home_tread,1631699932,COMPLETE,Etc/GMT-1,,0.0,2f890cbd3ff5484e8c64a3acdeb51592,class,0,0,109.0,0.0,,,1631699900,1631703500,,,,,Chase Tucker
56,1631368394,home_bike_v1,1631369168.0,cycling,True,True,6569f506f70a493c96c711222ec5ca08,False,cycling,Cycling Workout,021d511b66ec47de8efc39db2ed67b2a,home_bike,1631368396,COMPLETE,Etc/GMT-1,,0.0,2f890cbd3ff5484e8c64a3acdeb51592,class,0,0,768.0,3.0,,,1631368394,1631371994,,,,,Matt Wilpers
57,1631368348,home_bike_v1,1631368500.0,cycling,True,True,dde4d33ecec743f88a80029a391f3dae,False,cycling,Cycling Workout,17d12f614afa4f5bbdd370b5f4aa3ffa,home_bike,1631368500,COMPLETE,Etc/GMT-1,,0.0,2f890cbd3ff5484e8c64a3acdeb51592,class,0,0,,,,,1631368348,1631371948,,,,,Hannah Corbin
58,1631366939,home_bike_v1,1631368199.0,cycling,True,True,02c6c208c19e4c53aa46c7edbbcd14dc,True,cycling,Cycling Workout,e53549f6778042ba8475847d06b196b2,home_bike,1631366999,COMPLETE,Etc/GMT-1,,128606.86,2f890cbd3ff5484e8c64a3acdeb51592,class,0,0,1368.0,0.0,,,1631366939,1631370539,,,,,Tunde Oyeneyin
59,1630504033,iPhone,1630504752.0,running,False,False,cf5f6723393e412ea67bb831d7975eba,False,,Running Workout,4626dfe6dc2040c993b5d2a323154e35,iOS_app,1630504123,COMPLETE,Europe/London,,0.0,2f890cbd3ff5484e8c64a3acdeb51592,class,0,0,,,,,1630504033,1630507633,,,,,Kirsten Ferguson
60,1630503031,iPhone,1630504019.0,running,False,False,4f22b70ed86048159e4273bc1285f04d,False,,Running Workout,b0b0e2228afb4db6abc6509eaacbdb48,iOS_app,1630503120,COMPLETE,Europe/London,,0.0,2f890cbd3ff5484e8c64a3acdeb51592,class,0,0,,,,,1630503031,1630506631,,,,,Kirsten Ferguson
61,1630501840,iPhone,1630502919.0,running,False,False,c685b9db186e4f8c934597d0f36fab95,False,,Running Workout,665efd0366264e279b2b459f5781c746,iOS_app,1630501899,COMPLETE,Europe/London,,0.0,2f890cbd3ff5484e8c64a3acdeb51592,class,0,0,,,,,1630501840,1630505440,,,,,Kirsten Ferguson
62,1629807535,iPhone,1629809982.0,circuit,False,False,cf1d16f0ebf84a7d8bf316e16476301e,False,,Tread Bootcamp Workout,1842793d4ca44dc0b7064db399c09eb6,iOS_app,1629807624,COMPLETE,Europe/London,,0.0,2f890cbd3ff5484e8c64a3acdeb51592,class,445,9,,,,,1629807535,1629811135,,,,,Rebecca Kennedy
63,1629806858,iPhone,1629807524.0,circuit,False,False,21cf4337607645bdb62b28faac63fae9,False,,Tread Bootcamp Workout,7cebf1673e2e4f91bc1d4a55a352a770,iOS_app,1629806918,COMPLETE,Europe/London,,0.0,2f890cbd3ff5484e8c64a3acdeb51592,class,643,10,,,,,1629806858,1629810458,,,,,Chase Tucker
64,1629710116,iPhone,1629711644.0,circuit,False,False,425940dc131b4ec48dbd687543cba02d,False,,Tread Bootcamp Workout,f6df4a81d8c94e428c1207fa9dca5998,iOS_app,1629710206,COMPLETE,Europe/London,,0.0,2f890cbd3ff5484e8c64a3acdeb51592,class,906,35,,,,,1629710116,1629713716,,,,,Jess Sims
65,1629536720,iPhone,1629539509.0,strength,False,False,77d0392021ca4426be0997a23698ee23,False,,Strength Workout,1a22dfdce875444d8f6fe3a760c0173b,iOS_app,1629536809,COMPLETE,Europe/London,,0.0,2f890cbd3ff5484e8c64a3acdeb51592,class,2171,2,,,,,1629536720,1629540320,,,,,Adrian Williams
66,1629436711,iPhone,1629437071.0,strength,False,False,469821a009214cabbfde581df9feff0b,False,,Strength Workout,d9dbef72d96c4a1c9d0644ef415cccde,iOS_app,1629436771,COMPLETE,Europe/London,,0.0,2f890cbd3ff5484e8c64a3acdeb51592,class,321,20,310.0,18.0,,,1629436711,1629440311,,,,,Olivia Amato
67,1629435283,iPhone,1629436573.0,meditation,False,False,59f0385e81634ac8b8e0fd5681dd2f77,False,,Meditation Workout,40a7cf5777df4e788f4d008abe40d1a8,iOS_app,1629435373,COMPLETE,Europe/London,,0.0,2f890cbd3ff5484e8c64a3acdeb51592,class,1287,3,1296.0,0.0,,,1629435283,1629438883,,,,,Chelsea Jackson Roberts
68,1628716495,iPhone,1628717098.0,meditation,False,False,18c76cdf33054960b3e9af2a74dce059,False,,Meditation Workout,b6eb700a24fd435aabfc71247ba45408,iOS_app,1628716524,COMPLETE,Europe/London,,0.0,2f890cbd3ff5484e8c64a3acdeb51592,class,601,2,597.0,0.0,,,1628716495,1628720095,,,,,Chelsea Jackson Roberts
69,1628672039,iPhone,1628672766.0,circuit,False,False,d2c074f1731b407e80f7b71126658eec,False,,Tread Bootcamp Workout,db721b993c7b471b9b1959b79e753b09,iOS_app,1628672128,COMPLETE,Europe/London,,0.0,2f890cbd3ff5484e8c64a3acdeb51592,class,706,8,,,,,1628672039,1628675639,,,,,Rebecca Kennedy
70,1628671120,iPhone,1628672016.0,circuit,False,False,b663e59440484df984671b533508fc1d,False,,Tread Bootcamp Workout,e28791f1dfef4a428fb619e06d5a8b93,iOS_app,1628671209,COMPLETE,Europe/London,,0.0,2f890cbd3ff5484e8c64a3acdeb51592,class,841,18,,,,,1628671120,1628674720,,,,,Adrian Williams
71,1628670616,iPhone,1628671025.0,circuit,False,False,2f8b5becc245437aa7560ff734b7723d,False,,Tread Bootcamp Workout,def3a2a8b7454ad792221f6b3889c94a,iOS_app,1628670705,COMPLETE,Europe/London,,0.0,2f890cbd3ff5484e8c64a3acdeb51592,class,369,20,,,,,1628670616,1628674216,,,,,Chase Tucker
72,1628670285,iPhone,1628670597.0,circuit,False,False,685677513ee144aeb2703d53124bd3d3,False,,Tread Bootcamp Workout,dc462225d15b43bcac94f265fb08f01b,iOS_app,1628670374,COMPLETE,Europe/London,,0.0,2f890cbd3ff5484e8c64a3acdeb51592,class,296,3,,,,,1628670285,1628673885,,,,,Jess Sims
73,1628438205,iPhone,1628438568.0,cycling,False,False,a5746c1937a8401b9b077c4e3eba7109,False,,Cycling Workout,21a83cec33be4261b2b3bb5bf5fad1c0,iOS_app,1628438264,COMPLETE,Europe/London,,0.0,2f890cbd3ff5484e8c64a3acdeb51592,class,343,14,,,,,1628438205,1628441805,,,,,Hannah Frankson
74,1628436169,iPhone,1628436829.0,walking,False,False,81efa338ec29468f92ab1ff29effe3d1,False,,Walking Workout,b867a09c6cb349ea99078da28619df59,iOS_app,1628436229,COMPLETE,Europe/London,,0.0,2f890cbd3ff5484e8c64a3acdeb51592,class,6,1,,,,,1628436169,1628439769,,,,,Andy Speer
75,1628435494,iPhone,1628435704.0,walking,False,False,e330c776a1854867b4aee81fb2f5f1c4,False,,Walking Workout,a58e1100cb3642bebb9c1de98194263c,iOS_app,1628435584,COMPLETE,Europe/London,,0.0,2f890cbd3ff5484e8c64a3acdeb51592,class,195,1,,,,,1628435494,1628439094,,,,,Andy Speer
76,1628417162,iPhone,1628419922.0,running,False,False,f2fd8e76634d494785c4cb98f2781079,False,,Running Workout,10f7f0d11d4944f0b71ddb0df24c16c6,iOS_app,1628417222,COMPLETE,Europe/London,,0.0,2f890cbd3ff5484e8c64a3acdeb51592,class,31,2,30.0,0.0,,,1628417162,1628420762,,,,,Jess Sims
77,1627331457,iPhone,1627331530.0,running,False,False,16fb485ec08f4878b62b825983b85af4,False,,Running Workout,af608d3d4811465a808443c1676eca4a,iOS_app,1627331487,COMPLETE,Europe/London,,0.0,2f890cbd3ff5484e8c64a3acdeb51592,class,57,3,69.0,2.0,,,1627331457,1627335057,,,,,Selena Samuela
78,1627331215,iPhone,1627331303.0,running,False,False,44fb8d8774c34fa6b4302c7cf4df4a57,False,,Running Workout,9b3ffa8f41e5430483fda811c0bcf5a2,iOS_app,1627331303,COMPLETE,Europe/London,,0.0,2f890cbd3ff5484e8c64a3acdeb51592,class,47,13,73.0,0.0,,,1627331215,1627334815,,,,,Jess Sims
79,1627330856,iPhone,1627331096.0,running,False,False,2d53c77827db4b4b8d2a0a1402351ac2,False,,Running Workout,f1ca2af36a5948c98a9b6c8062e3bb63,iOS_app,1627330916,COMPLETE,Europe/London,,0.0,2f890cbd3ff5484e8c64a3acdeb51592,class,256,11,279.0,7.0,,,1627330856,1627334456,,,,,Robin Arzón
80,1626798433,iPhone,1626800412.0,cycling,False,False,9dd0b26e345f4a3eba1e58cabe50fbb4,False,,Cycling Workout,407d746781b745b1aa104228f76f7449,iOS_app,1626798522,COMPLETE,Europe/London,,0.0,2f890cbd3ff5484e8c64a3acdeb51592,class,1884,60,,,,,1626798433,1626802033,,,,,Ally Love
81,1626613084,iPhone,1626613233.0,running,False,False,91cce0072c0c4f03bea204dc420e726a,False,,Running Workout,8b6df4049ad4423d9844144d4df4435a,iOS_app,1626613143,COMPLETE,Europe/London,,0.0,2f890cbd3ff5484e8c64a3acdeb51592,class,115,19,,,,,1626613084,1626616684,,,,,Chase Tucker
82,1626593911,iPhone,1626594601.0,running,False,False,83955d2314104044b029bf898e2c5375,False,,Running Workout,bcec38f4e4ce47e1bcc3f4ee997ff671,iOS_app,1626594001,COMPLETE,Europe/London,,0.0,2f890cbd3ff5484e8c64a3acdeb51592,class,688,1,,,,,1626593911,1626597511,,,,,Becs Gentry
83,1626506982,iPhone,1626507672.0,running,False,False,0c3e4020147b407f8f918cab7563d94f,False,,Running Workout,b0504d4ff46542f5b269ee994dc740fa,iOS_app,1626507072,COMPLETE,Europe/London,,0.0,2f890cbd3ff5484e8c64a3acdeb51592,class,695,2,,,,,1626506982,1626510582,,,,,Matt Wilpers
84,1626385231,iPhone,1626385530.0,cycling,False,False,a9fa7ea857514f3ca2e0295344cf3862,False,,Cycling Workout,97a3ada39e254cec9f8919cc193b60e9,iOS_app,1626385290,COMPLETE,Europe/London,,0.0,2f890cbd3ff5484e8c64a3acdeb51592,class,274,21,,,,,1626385231,1626388831,,,,,Robin Arzón
85,1626370482,iPhone,1626372071.0,cycling,False,False,b7b08ce8a4814159b6f65b738cd6a839,False,,Cycling Workout,b022516c0e184e81bdc7ab335b5139c9,iOS_app,1626370511,COMPLETE,Europe/London,,0.0,2f890cbd3ff5484e8c64a3acdeb51592,class,148,23,,,,,1626370482,1626374082,,,,,Hannah Frankson
86,1626369971,home_bike_v1,1626370251.0,cycling,True,True,6e7231a9390345da9af29bebc0f84796,False,cycling,Cycling Workout,b022516c0e184e81bdc7ab335b5139c9,home_bike,1626370251,COMPLETE,Etc/GMT-1,,0.0,2f890cbd3ff5484e8c64a3acdeb51592,class,268,3,290.0,5.0,,,1626369971,1626373571,,,,,Hannah Frankson
87,1626364671,iPhone,1626364820.0,cycling,False,False,87f75eeb233044f29759e9842a9ebe3a,False,,Cycling Workout,901788482d7a4063855541fdd08bbd16,iOS_app,1626364701,COMPLETE,Europe/London,,0.0,2f890cbd3ff5484e8c64a3acdeb51592,class,112,3,,,,,1626364671,1626368271,,,,,Leanne Hainsby
88,1626360556,iPhone,1626364525.0,cycling,False,False,c4afeb94e8c444efa2bab66bacdf48dd,False,,Cycling Workout,f243e67a5aea4c5da387a0cb9a1eb644,iOS_app,1626360671,COMPLETE,Europe/London,,0.0,2f890cbd3ff5484e8c64a3acdeb51592,class,375,39,,,,,1626360556,1626364156,,,,,Jess King
89,1626359831,iPhone,1626360486.0,running,False,False,f5100690919b4a7ea44537462846be07,False,,Running Workout,376c2586f164443d8314f96e80afc3cc,iOS_app,1626359920,COMPLETE,Europe/London,,0.0,2f890cbd3ff5484e8c64a3acdeb51592,class,533,36,,,,,1626359831,1626363431,,,,,Becs Gentry
90,1626352638,prism,1626352808.0,running,False,True,2f64095db13448d6b1055fb47f6007b4,False,running,Running Workout,8d37289c522640689349c6730fe3370f,home_tread,1626352674,COMPLETE,Etc/GMT-1,,8836.22,2f890cbd3ff5484e8c64a3acdeb51592,class,149,2,165.0,2.0,,,1626352638,1626356238,,,,,Andy Speer
91,1626352586,prism,1626352646.0,running,False,True,51a384cb9dc04a668940e9646546f703,False,running,Running Workout,6b6ff7b68d824541801a4018ba081b4d,home_tread,1626352646,COMPLETE,Etc/GMT-1,,0.0,2f890cbd3ff5484e8c64a3acdeb51592,class,0,0,20.0,0.0,,,1626352586,1626356186,,,,,Becs Gentry
92,1626347634,iPhone,1626347804.0,running,False,False,df80fb74ebb84a29ac27c8c4907195bd,False,,Running Workout,2df820227bdb40af8d5278d0b632675b,iOS_app,1626347657,COMPLETE,Europe/London,,0.0,2f890cbd3ff5484e8c64a3acdeb51592,class,156,15,,,,,1626347634,1626351234,,,,,Becs Gentry
93,1626347354,iPhone,1626347533.0,running,False,False,792359c9e5374f0b868ceea855fc602e,False,,Running Workout,2df820227bdb40af8d5278d0b632675b,iOS_app,1626347384,COMPLETE,Europe/London,,0.0,2f890cbd3ff5484e8c64a3acdeb51592,class,177,2,,,,,1626347354,1626350954,,,,,Becs Gentry
94,1626265958,iPhone,1626266017.0,cycling,False,False,16f0964e8e1642be86b7b206dd975420,False,,Cycling Workout,44a8afd20e47497c8f177af5634e9b51,iOS_app,1626266017,COMPLETE,Europe/London,,0.0,2f890cbd3ff5484e8c64a3acdeb51592,class,55,38,54.0,33.0,,,1626265958,1626269558,,,,,Alex Toussaint
95,1626265770,iPhone,1626265942.0,cycling,False,False,5376b09e328b40d68e58702bdc0679ef,False,,Cycling Workout,d5d818253ce64eb69fde50f96407b30f,iOS_app,1626265883,COMPLETE,Europe/London,,0.0,2f890cbd3ff5484e8c64a3acdeb51592,class,117,51,116.0,34.0,,,1626265770,1626269370,,,,,Hannah Frankson
96,1626265259,iPhone,1626265736.0,cycling,False,False,e291d311be4f4b63911088a820272879,False,,Cycling Workout,78aec7b540af4f57ab6949dd968cd8e7,iOS_app,1626265348,COMPLETE,Europe/London,,0.0,2f890cbd3ff5484e8c64a3acdeb51592,class,350,98,373.0,97.0,,,1626265259,1626268859,,,,,Leanne Hainsby
97,1626115296,iPhone,1626115595.0,stretching,False,False,15637a34132d4f29866042782ce21c82,False,,Stretching Workout,2c3090e78eb04d528a66f64a952b3f25,iOS_app,1626115325,COMPLETE,Europe/London,,0.0,2f890cbd3ff5484e8c64a3acdeb51592,class,347,7,,,,,1626115296,1626118896,,,,,Hannah Corbin
98,1626114191,iPhone,1626115001.0,stretching,False,False,41bedbeff67b4782b0fc56fa47780a00,False,,Stretching Workout,b0e7cc672470474988ab7a3df45ab2a4,iOS_app,1626114220,COMPLETE,Europe/London,,0.0,2f890cbd3ff5484e8c64a3acdeb51592,class,634,2,,,,,1626114191,1626117791,,,,,Hannah Corbin
99,1626113040,iPhone,1626114029.0,strength,False,False,9e3cf829f403403abe9a5ecf673f909d,False,,Strength Workout,96a430994d76436a8715acbdb2f29b2c,iOS_app,1626113129,COMPLETE,Europe/London,,0.0,2f890cbd3ff5484e8c64a3acdeb51592,class,1079,0,,,,,1626113040,1626116640,,,,,Rebecca Kennedy
0,1625868151,iPhone,1625868689.0,cycling,False,False,fdfb320c2c7644c9b3ad243281a1e733,False,,Cycling Workout,6552f7b71a9b4ce0a3fb1cf246b91afe,iOS_app,1625868241,COMPLETE,Europe/London,,0.0,2f890cbd3ff5484e8c64a3acdeb51592,class,499,8,,,,,1625868151,1625871751,,,,,Leanne Hainsby
1,1625812332,iPhone,1625812601.0,cycling,False,False,4c2e4e873532484ca31b2772b1a3e16e,False,,Cycling Workout,9fac78c5ce5f407e90a732f808ac4d6e,iOS_app,1625812421,COMPLETE,Europe/London,,0.0,2f890cbd3ff5484e8c64a3acdeb51592,class,233,10,,,,,1625812332,1625815932,,,,,Ally Love
2,1625757545,home_bike_v1,1625757717.0,cycling,True,True,df84ba79ba5340bc95223d27e685c9e7,False,cycling,Cycling Workout,4e72d61aeb2743689f853d0333356e60,home_bike,1625757622,COMPLETE,Etc/GMT-1,,0.0,2f890cbd3ff5484e8c64a3acdeb51592,class,151,0,169.0,1.0,,,1625757545,1625761145,,,,,Robin Arzón
3,1625757428,home_bike_v1,1625757512.0,cycling,True,True,5fb71ea67e1e4129bfc0753406127fb8,False,cycling,Cycling Workout,2a4b8a11f7a7495996b5352ae447a72a,home_bike,1625757457,COMPLETE,Etc/GMT-1,,0.0,2f890cbd3ff5484e8c64a3acdeb51592,class,61,0,83.0,1.0,,,1625757428,1625761028,,,,,Bradley Rose
4,1625755443,home_bike_v1,1625757303.0,cycling,True,True,f10d0c110e744a459604860c89f9a8d6,False,cycling,Cycling Workout,c8556b911e544d3abc6e86e7e295fc18,home_bike,1625755504,COMPLETE,Etc/GMT-1,,165612.35,2f890cbd3ff5484e8c64a3acdeb51592,class,1831,0,1945.0,0.0,,,1625755443,1625759043,,,,,Kendall Toole
5,1625755406,home_bike_v1,1625755500.0,cycling,True,True,5e473317613941a387ef7257b8632023,False,cycling,Cycling Workout,d9fe411aa9624642a425ca8022298ecc,home_bike,1625755500,COMPLETE,Etc/GMT-1,,0.0,2f890cbd3ff5484e8c64a3acdeb51592,class,0,0,,,,,1625755406,1625759006,,,,,Kendall Toole
6,1625755314,home_bike_v1,1625755374.0,cycling,True,True,9cc5afc614e04bc78880391dd3699f9a,False,cycling,Cycling Workout,02576ed7c2d040b5b36ba94e89f86353,home_bike,1625755374,COMPLETE,Etc/GMT-1,,0.0,2f890cbd3ff5484e8c64a3acdeb51592,class,31,0,38.0,0.0,,,1625755314,1625758914,,,,,Olivia Amato
7,1625754956,home_bike_v1,1625755196.0,cycling,True,True,6094517756e048549be34fd229d3ca02,False,cycling,Cycling Workout,35ec53991b714a5bb6c865dde39b7062,home_bike,1625755017,COMPLETE,Etc/GMT-1,,8215.7,2f890cbd3ff5484e8c64a3acdeb51592,class,211,0,238.0,0.0,,,1625754956,1625758556,,,,,Tunde Oyeneyin
8,1624977755,home_bike_v1,1624980514.0,bike_bootcamp,True,True,8a3e0eb077b145faa9c042d197cfbebe,True,cycling,Bike Bootcamp Workout,630152e732c642229c27de8f2955ec81,home_bike,1624977847,COMPLETE,Etc/GMT-1,,111062.34,2f890cbd3ff5484e8c64a3acdeb51592,class,2731,0,2972.0,0.0,,,1624977755,1624981355,,,,,Jess Sims
9,1624901397,home_bike_v1,1624903249.0,cycling,True,True,7712ae2def544d4580f1ef9d1bf34ba9,False,cycling,Cycling Workout,d4e6eb876d9c4e1f9c82385e3a2fbdc6,home_bike,1624901452,COMPLETE,Etc/GMT-1,,130247.72,2f890cbd3ff5484e8c64a3acdeb51592,class,1829,2,1957.0,5.0,,,1624901397,1624904997,,,,,Hannah Frankson
10,1624897830,iPhone,1624897950.0,cycling,False,False,27b30efa826d48a58092f398fcbcc05f,False,,Cycling Workout,b1ea817fd07d468e8601d35755012901,iOS_app,1624897920,COMPLETE,Europe/London,,0.0,2f890cbd3ff5484e8c64a3acdeb51592,class,89,6,,,,,1624897830,1624901430,,,,,Hannah Frankson
11,1624882922,iPhone,1624884331.0,cycling,False,False,3e3b1cc2df9a489bad85a3ccaaf5afbd,False,,Cycling Workout,fd2d180234ff41afafb5c88085c53450,iOS_app,1624883012,COMPLETE,Europe/London,,0.0,2f890cbd3ff5484e8c64a3acdeb51592,class,1357,5,,,,,1624882922,1624886522,,,,,Ally Love
12,1624654577,iPhone,1624655865.0,running,False,False,f67b522be5ea4d029b288d1ee8f2996a,False,,Running Workout,74376c86947f42d1a73de4bbd639d09a,iOS_app,1624654666,COMPLETE,Europe/London,,0.0,2f890cbd3ff5484e8c64a3acdeb51592,class,1381,7,,,,,1624654577,1624658177,,,,,Jess Sims
13,1624654467,iPhone,1624654565.0,running,False,False,090054d02812449ca011cc0c5dd9d8c1,False,,Running Workout,88fcaf6f3e44424fb7ab686de3999296,iOS_app,1624654556,COMPLETE,Europe/London,,0.0,2f890cbd3ff5484e8c64a3acdeb51592,class,82,7,,,,,1624654467,1624658067,,,,,Jess Sims
14,1624654332,iPhone,1624654419.0,running,False,False,fe5593ca6efa4099a611e53ab1283ac8,False,,Running Workout,3ae9720575c54575a4408f6578bdabe7,iOS_app,1624654419,COMPLETE,Europe/London,,0.0,2f890cbd3ff5484e8c64a3acdeb51592,class,52,7,,,,,1624654332,1624657932,,,,,Becs Gentry
15,1624654188,iPhone,1624654303.0,running,False,False,af57f7b2e3c44637a48103660a5a9e6a,False,,Running Workout,64b251d432944790b2bc0032d2719f41,iOS_app,1624654278,COMPLETE,Europe/London,,0.0,2f890cbd3ff5484e8c64a3acdeb51592,class,86,3,,,,,1624654188,1624657788,,,,,Becs Gentry
16,1624632459,iPhone,1624633388.0,running,False,False,f965f510654d42cd8659aa8eed760cbf,False,,Running Workout,a13974e96ef64071a07181ffb2b63f6e,iOS_app,1624632549,COMPLETE,Europe/London,,0.0,2f890cbd3ff5484e8c64a3acdeb51592,class,205,2,178.0,0.0,,,1624632459,1624636059,,,,,Olivia Amato
17,1623274310,home_bike_v1,1623274522.0,cycling,True,True,4ea0b3115a7d49fa8a9a2ac284c10c66,False,cycling,Cycling Workout,40145c5a188043c88bab5063eb834bee,home_bike,1623274312,COMPLETE,Etc/GMT-1,,526.34,2f890cbd3ff5484e8c64a3acdeb51592,class,178,3,201.0,8.0,,,1623274310,1623277910,,,,,Cody Rigsby
18,1623242733,home_bike_v1,1623245493.0,cycling,True,True,01e5803c36d74276a56204264fc2a517,True,cycling,Cycling Workout,c830c92ffe0e4f3ea64034dcba2fa3bd,home_bike,1623242795,COMPLETE,Etc/GMT-1,,460019.06,2f890cbd3ff5484e8c64a3acdeb51592,class,2731,0,2899.0,2.0,,,1623242733,1623246333,,,,,Hannah Frankson
19,1622268536,home_bike_v1,1622270390.0,cycling,True,True,856a07da81e0436d8511f2e8e91de445,True,cycling,Cycling Workout,5f23357f2e0d4ce89e0dfd4fdc6b6786,home_bike,1622268590,COMPLETE,Etc/GMT-1,,172798.67,2f890cbd3ff5484e8c64a3acdeb51592,class,1831,0,1980.0,0.0,,,1622268536,1622272136,,,,,Tunde Oyeneyin
20,1622111773,iPhone,1622113572.0,running,False,False,ed1b321393a543548cd14035b7cc01c8,False,,Running Workout,9a230382fb6d491d8a07fcb0729798ff,iOS_app,1622111862,COMPLETE,Europe/London,,0.0,2f890cbd3ff5484e8c64a3acdeb51592,class,1812,24,,,,,1622111773,1622115373,,,,,Rebecca Kennedy
21,1622094116,home_bike_v1,1622095646.0,cycling,True,False,16aed51f6d44472e99888459b1c5df13,False,cycling,Cycling Workout,,home_bike,1622094120,COMPLETE,Europe/London,25 min 26 sec Just Ride,39275.17,2f890cbd3ff5484e8c64a3acdeb51592,freestyle,0,0,,,,,1622094116,1622097716,,,,"{'id': '00000000000000000000000000000000', 'is_archived': False, 'instructor': {'name': 'JUST RIDE', 'image_url': 'https://s3.amazonaws.com/peloton-ride-images/just-ride.png'}, 'title': '25 min 26 sec Just Ride', 'scheduled_start_time': 1622094116, 'duration': 1526}",freestyle
22,1622048879,home_bike_v1,1622049616.0,cycling,True,False,9812992a75814c9dbe45119a50d3577c,False,cycling,Cycling Workout,,home_bike,1622048880,COMPLETE,Europe/London,12 min 16 sec Just Ride,30732.62,2f890cbd3ff5484e8c64a3acdeb51592,freestyle,0,0,,,,,1622048879,1622052479,,,,"{'id': '00000000000000000000000000000000', 'is_archived': False, 'instructor': {'name': 'JUST RIDE', 'image_url': 'https://s3.amazonaws.com/peloton-ride-images/just-ride.png'}, 'title': '12 min 16 sec Just Ride', 'scheduled_start_time': 1622048879, 'duration': 736}",freestyle
23,1621858078,iPhone,1621859396.0,running,False,False,aff8ed7f19de4712aa576a0ab441b141,False,,Running Workout,a5806c9008ef4dcc8584580586290998,iOS_app,1621858168,COMPLETE,Europe/London,,0.0,2f890cbd3ff5484e8c64a3acdeb51592,class,1285,5,1311.0,3.0,,,1621858078,1621861678,,,,,Rebecca Kennedy
24,1621857815,iPhone,1621857971.0,cycling,False,False,c71a20aa173746889072deba289b0731,False,,Cycling Workout,2c264f16f63d4bd7b988c4981ac069d7,iOS_app,1621857845,COMPLETE,Europe/London,,0.0,2f890cbd3ff5484e8c64a3acdeb51592,class,141,9,145.0,7.0,,,1621857815,1621861415,,,,,Denis Morton
25,1621796562,home_bike_v1,1621797822.0,cycling,True,True,8127b821d1a9463193c2c4540371872f,False,cycling,Cycling Workout,ab7b8da6009b4f39a03babdb9667d7ab,home_bike,1621796624,COMPLETE,Etc/GMT-1,,107356.84,2f890cbd3ff5484e8c64a3acdeb51592,class,1231,0,1297.0,0.0,,,1621796562,1621800162,,,,,Ally Love
26,1621612634,iPhone,1621613894.0,running,False,False,21c355d50c0e4fd28001d76f1bbdf056,False,,Running Workout,0896a3b98dfa44bc90722b267ca93f05,iOS_app,1621612694,COMPLETE,Europe/London,,0.0,2f890cbd3ff5484e8c64a3acdeb51592,class,56,3,51.0,0.0,,,1621612634,1621616234,,,,,Becs Gentry
27,1621590178,iPhone,1621590720.0,running,False,False,68ae3d50e2174b7c88e9dc828acd6cb9,False,,Running Workout,9a0a007416884575a7ad86eacb5be57e,iOS_app,1621590270,COMPLETE,Europe/London,,0.0,2f890cbd3ff5484e8c64a3acdeb51592,class,530,1,,,,,1621590178,1621593778,,,,,Andy Speer
28,1621584372,iPhone,1621585031.0,running,False,False,3814a3bf20114e3fb9452e2787b1b60f,False,,Running Workout,a357a5f286ec4ca3a84503df95914f5f,iOS_app,1621584461,COMPLETE,Europe/London,,0.0,2f890cbd3ff5484e8c64a3acdeb51592,class,646,7,,,,,1621584372,1621587972,,,,,Matt Wilpers
29,1621404458,home_bike_v1,1621405418.0,cycling,True,True,aa6c305a53b04faba4c5b019aa3276a0,True,cycling,Cycling Workout,00e62d401b0b401d9ad2652bd8c8e063,home_bike,1621404520,COMPLETE,Etc/GMT-1,,66239.01,2f890cbd3ff5484e8c64a3acdeb51592,class,931,0,1080.0,0.0,,,1621404458,1621408058,,,,,Hannah Frankson
30,1621377408,home_bike_v1,1621377928.0,cycling,True,True,e4c1478bb7734ce693cd0a4a3b703989,False,cycling,Cycling Workout,a324bd8c1f0f42a1a41bdb91e4b1e04c,home_bike,1621377470,COMPLETE,Etc/GMT-1,,0.0,2f890cbd3ff5484e8c64a3acdeb51592,class,602,0,518.0,0.0,,,1621377408,1621381008,,,,,Hannah Frankson
31,1621377143,home_bike_v1,1621377203.0,cycling,True,True,36f7436029f84afd8a0acad7a8b2af3a,False,cycling,Cycling Workout,ec267c074cd142d6b376d13341c596c8,home_bike,1621377203,COMPLETE,Etc/GMT-1,,0.0,2f890cbd3ff5484e8c64a3acdeb51592,class,212,0,59.0,0.0,,,1621377143,1621380743,,,,,Leanne Hainsby
32,1621376999,home_bike_v1,1621377122.0,cycling,True,True,a27e3b1b11384414b9529c970b235cf8,False,cycling,Cycling Workout,30df5e50e34c46c2bd4806e751fc7585,home_bike,1621377061,COMPLETE,Etc/GMT-1,,0.0,2f890cbd3ff5484e8c64a3acdeb51592,class,121,0,123.0,0.0,,,1621376999,1621380599,,,,,Ben Alldis
33,1621376655,home_bike_v1,1621376976.0,cycling,True,True,62f16da7a3094674bede673b2c6141ef,False,cycling,Cycling Workout,fc5c2fdc4bfd46579ecff614f46d2a67,home_bike,1621376716,COMPLETE,Etc/GMT-1,,0.0,2f890cbd3ff5484e8c64a3acdeb51592,class,301,0,318.0,1.0,,,1621376655,1621380255,,,,,Alex Toussaint
34,1621376612,home_bike_v1,1621376700.0,cycling,True,True,af5092edc3d64887944bfd264dd27347,False,cycling,Cycling Workout,0a93a5476dc64cb187a8fc383ce8ee94,home_bike,1621376700,COMPLETE,Etc/GMT-1,,0.0,2f890cbd3ff5484e8c64a3acdeb51592,class,0,0,,,,,1621376612,1621380212,,,,,Kendall Toole
35,1621375939,home_bike_v1,1621376591.0,cycling,True,True,0b7297f37c034ba499c63970eefe93a7,False,cycling,Cycling Workout,d1c8c6b326ec4cae87177ccf4060c09a,home_bike,1621376001,COMPLETE,Etc/GMT-1,,6089.4,2f890cbd3ff5484e8c64a3acdeb51592,class,602,0,639.0,10.0,,,1621375939,1621379539,,,,,Tunde Oyeneyin
36,1621375882,home_bike_v1,1621376100.0,cycling,True,True,5b42ec6687004b20a403ae8809182b5c,False,cycling,Cycling Workout,fe858d03441e4892bb2e318370e935db,home_bike,1621376100,COMPLETE,Etc/GMT-1,,0.0,2f890cbd3ff5484e8c64a3acdeb51592,class,0,0,,,,,1621375882,1621379482,,,,,Alex Toussaint
37,1621343228,iPhone,1621343905.0,running,False,False,c5ae7c7b587e42e1a13ea301c06b3958,False,,Running Workout,153b1d9b142b4d4da2332eb63577fbd4,iOS_app,1621343319,COMPLETE,Europe/London,,0.0,2f890cbd3ff5484e8c64a3acdeb51592,class,433,19,,,,,1621343228,1621346828,,,,,Rebecca Kennedy
38,1621265090,iPhone,1621266050.0,cardio,False,False,d114654ff0f741ef98edd34712d1a800,False,,Cardio Workout,bdc41359edad46e593c99c52b125df27,iOS_app,1621265150,COMPLETE,Europe/London,,0.0,2f890cbd3ff5484e8c64a3acdeb51592,class,46,2,,,,,1621265090,1621268690,,,,,Rebecca Kennedy
39,1621242401,iPhone,1621249300.0,running,False,False,4c58b81bcb60436d9a1c25e72639fe16,False,,Running Workout,bc7f98866b81457a84269fa87c304842,iOS_app,1621242430,COMPLETE,Europe/London,,0.0,2f890cbd3ff5484e8c64a3acdeb51592,class,1142,9,1125.0,7.0,,,1621242401,1621246001,,,,,Robin Arzón
40,1621241632,iPhone,1621242292.0,running,False,False,78f77aa86e40477ca1ac4b9d24f6bf3e,False,,Running Workout,e31c6d86f6784f6c9be19091ee621a23,iOS_app,1621241721,COMPLETE,Europe/London,,0.0,2f890cbd3ff5484e8c64a3acdeb51592,class,610,2,,,,,1621241632,1621245232,,,,,Robin Arzón
41,1621240006,iPhone,1621241295.0,running,False,False,5cec3d7a0ff647c594f088b49f101b73,False,,Running Workout,56ae34248a57428cb0d5d59673581a09,iOS_app,1621240095,COMPLETE,Europe/London,,0.0,2f890cbd3ff5484e8c64a3acdeb51592,class,1347,1,,,,,1621240006,1621243606,,,,,Robin Arzón
42,1620977923,iPhone,1620979633.0,running,False,False,65b2662b634c4dd3b5fefbf102018b01,False,,Running Workout,9403beb880164694846b4231fefd3fba,iOS_app,1620978013,COMPLETE,Europe/London,,0.0,2f890cbd3ff5484e8c64a3acdeb51592,class,1544,3,,,,,1620977923,1620981523,,,,,Becs Gentry
43,1620974894,iPhone,1620977786.0,running,False,False,55f32f5a24d04995a2324d47532832ac,False,,Running Workout,f1c4577ac755445ca1b170a87daca01b,iOS_app,1620974984,COMPLETE,Europe/London,,0.0,2f890cbd3ff5484e8c64a3acdeb51592,class,1950,11,,,,,1620974894,1620978494,,,,,Rebecca Kennedy
44,1620974762,iPhone,1620974851.0,running,False,False,1b9a0274b9cc47fa973098552322a0a1,False,,Running Workout,6b314a2bcc9f4287a7f8a7fe150e9a24,iOS_app,1620974851,COMPLETE,Europe/London,,0.0,2f890cbd3ff5484e8c64a3acdeb51592,class,87,1,,,,,1620974762,1620978362,,,,,Rebecca Kennedy
45,1620939007,iPhone,1620940147.0,running,False,False,99a901a315a34d9882cdedffbbc81418,False,,Running Workout,d03c022facea49a59dfbe3f5065a78ee,iOS_app,1620939096,COMPLETE,Europe/London,,0.0,2f890cbd3ff5484e8c64a3acdeb51592,class,1105,2,,,,,1620939007,1620942607,,,,,Rebecca Kennedy
46,1620937066,iPhone,1620938955.0,running,False,False,72ce7af1686342d2b408a255d8453d1a,False,,Running Workout,211de2e2a1864026a43bcd0d937dad74,iOS_app,1620937155,COMPLETE,Europe/London,,0.0,2f890cbd3ff5484e8c64a3acdeb51592,class,1918,1,,,,,1620937066,1620940666,,,,,Rebecca Kennedy
47,1620853305,iPhone,1620854294.0,strength,False,False,3ffd6042d06345919d125a121ce82610,False,,Strength Workout,dc7986e628ad4e6cbd1839597cf8d59c,iOS_app,1620853394,COMPLETE,Europe/London,,0.0,2f890cbd3ff5484e8c64a3acdeb51592,class,1082,2,1077.0,1.0,,,1620853305,1620856905,,,,,Jess Sims
48,1620852150,iPhone,1620853211.0,running,False,False,36f252a281bc43dfaa45c34d3eaf7360,False,,Running Workout,e45c148a4fa64b14b885c976dd2f516e,iOS_app,1620852209,COMPLETE,Europe/London,,0.0,2f890cbd3ff5484e8c64a3acdeb51592,class,822,1,832.0,0.0,,,1620852150,1620855750,,,,,Becs Gentry
49,1620850869,iPhone,1620851858.0,running,False,False,c12b4ad025484af68fddfb7cb77a1d11,False,,Running Workout,5f24b4367c3745d5a3bd09e9121243ac,iOS_app,1620850958,COMPLETE,Europe/London,,0.0,2f890cbd3ff5484e8c64a3acdeb51592,class,924,3,,,,,1620850869,1620854469,,,,,Rebecca Kennedy
50,1620846634,iPhone,1620848522.0,cycling,False,False,24fab64cc718421dbe95f7968f475853,False,,Cycling Workout,63c796711fae4782899493e107f1679a,iOS_app,1620846723,COMPLETE,Europe/London,,0.0,2f890cbd3ff5484e8c64a3acdeb51592,class,1864,5,,,,,1620846634,1620850234,,,,,Hannah Frankson
51,1620844897,iPhone,1620845620.0,cycling,False,False,edd4348929804219ab39aad1573b28f8,False,,Cycling Workout,f513efbab1c04e98a51e39c9590e2997,iOS_app,1620845022,COMPLETE,Europe/London,,0.0,2f890cbd3ff5484e8c64a3acdeb51592,class,732,4,,,,,1620844897,1620848497,,,,,Cody Rigsby
52,1620801058,iPhone,1620801718.0,cardio,False,False,7f815e48af1c4a008ace44a6d0569b6d,False,,Cardio Workout,36bc6f6c96bc47ccb994172f4ff663ee,iOS_app,1620801118,COMPLETE,Europe/London,,0.0,2f890cbd3ff5484e8c64a3acdeb51592,class,6,2,,,,,1620801058,1620804658,,,,,Selena Samuela
53,1620074510,iPhone,1620076399.0,walking,False,False,1c1c8c9c5a79435fb576de8fc9bb0031,False,,Walking Workout,8c1b7380f946444ebd7ebd920f1ed019,iOS_app,1620074599,COMPLETE,Europe/London,,0.0,2f890cbd3ff5484e8c64a3acdeb51592,class,1908,2,,,,,1620074510,1620078110,,,,,Olivia Amato
54,1620072667,iPhone,1620074496.0,walking,False,False,26ae6aef55904296a9747839556da787,False,,Walking Workout,96adb0eee323486ca0f3cd2bb01d30ee,iOS_app,1620072756,COMPLETE,Europe/London,,0.0,2f890cbd3ff5484e8c64a3acdeb51592,class,1815,2,,,,,1620072667,1620076267,,,,,Becs Gentry
55,1620071456,iPhone,1620072645.0,walking,False,False,4fd5266a1f244b58a1bfe48169956d83,False,,Walking Workout,2be18027c51f4a54b7fcc407676fe54d,iOS_app,1620071545,COMPLETE,Europe/London,,0.0,2f890cbd3ff5484e8c64a3acdeb51592,class,1169,0,,,,,1620071456,1620075056,,,,,Rebecca Kennedy
56,1620044638,iPhone,1620044817.0,walking,False,False,8e41634fdc5b48f3a3c6b2db80e36e8c,False,,Walking Workout,76ae877339f34d07aec2c30175080d39,iOS_app,1620044728,COMPLETE,Europe/London,,0.0,2f890cbd3ff5484e8c64a3acdeb51592,class,170,0,,,,,1620044638,1620048238,,,,,Rebecca Kennedy
57,1620041367,iPhone,1620042147.0,walking,False,False,684c0fe0732c4fe488ac06aab420d097,False,,Walking Workout,e823cc4060c94c9489a4ded4438214f9,iOS_app,1620041457,COMPLETE,Europe/London,,0.0,2f890cbd3ff5484e8c64a3acdeb51592,class,749,0,,,,,1620041367,1620044967,,,,,Andy Speer
58,1620040303,iPhone,1620040974.0,walking,False,False,795c67538d784b5b84e9534ee6756ba5,False,,Walking Workout,f572525082764d4597db2efa19a7e366,iOS_app,1620040393,COMPLETE,Europe/London,,0.0,2f890cbd3ff5484e8c64a3acdeb51592,class,650,2,,,,,1620040303,1620043903,,,,,Selena Samuela
59,1620039502,iPhone,1620040281.0,walking,False,False,e88f201698f34008b8fc66cf751f261c,False,,Walking Workout,93b4c192665545559692ecd8d5b1672d,iOS_app,1620039592,COMPLETE,Europe/London,,0.0,2f890cbd3ff5484e8c64a3acdeb51592,class,738,1,,,,,1620039502,1620043102,,,,,Adrian Williams
60,1620038634,iPhone,1620039473.0,walking,False,False,9bd45d348ed44f5999c5fdb76c7916ec,False,,Walking Workout,aebcb8181c264251acfa4f81a91bb5c8,iOS_app,1620038723,COMPLETE,Europe/London,,0.0,2f890cbd3ff5484e8c64a3acdeb51592,class,832,3,,,,,1620038634,1620042234,,,,,Becs Gentry
61,1620038026,iPhone,1620038607.0,walking,False,False,df69caf1af964aaea7549fb84228ba74,False,,Walking Workout,f1c67d39a3424a6eb9ad4285289c6c67,iOS_app,1620038235,COMPLETE,Europe/London,,0.0,2f890cbd3ff5484e8c64a3acdeb51592,class,495,2,,,,,1620038026,1620041626,,,,,Andy Speer
62,1619855534,iPhone,1619855653.0,walking,False,False,f1424b6a56f84e0095e366d435cffc3b,False,,Walking Workout,94f9ab8a8a8a470384e3c5b1151cd437,iOS_app,1619855624,COMPLETE,Europe/London,,0.0,2f890cbd3ff5484e8c64a3acdeb51592,class,85,8,,,,,1619855534,1619859134,,,,,Becs Gentry
63,1619853819,iPhone,1619855408.0,walking,False,False,9087dd2bde2343aba8610c6e0668fa3e,False,,Walking Workout,2d8745cf386a48e6ab7c7064e7a5c33a,iOS_app,1619853909,COMPLETE,Europe/London,,0.0,2f890cbd3ff5484e8c64a3acdeb51592,class,1645,12,,,,,1619853819,1619857419,,,,,Andy Speer
64,1619852785,iPhone,1619853474.0,walking,False,False,5437d1879af94007b712f1486c409ad5,False,,Walking Workout,f201191788224eb08b81454cdb638c84,iOS_app,1619852934,COMPLETE,Europe/London,,0.0,2f890cbd3ff5484e8c64a3acdeb51592,class,959,30,,,,,1619852785,1619856385,,,,,Rebecca Kennedy
65,1619817536,iPhone,1619817758.0,walking,False,False,c2fdfc9e04a746278a366cd2a92fa3ce,False,,Walking Workout,7dba9464171c4504ab2a26a55d6f92ee,iOS_app,1619817625,COMPLETE,Europe/London,,0.0,2f890cbd3ff5484e8c64a3acdeb51592,class,202,7,,,,,1619817536,1619821136,,,,,Rebecca Kennedy
66,1619817223,iPhone,1619817521.0,walking,False,False,3c35057eb82d4378a6be90e6a8e328e7,False,,Walking Workout,572e72e50ff240b6bf4edf06d7db7468,iOS_app,1619817312,COMPLETE,Europe/London,,0.0,2f890cbd3ff5484e8c64a3acdeb51592,class,259,10,,,,,1619817223,1619820823,,,,,Rebecca Kennedy
67,1619712825,iPhone,1619714114.0,walking,False,False,74e4efeadadf48198bde7718db09cddf,False,,Walking Workout,1e6ae05feed7449d8d928cb4b99874e1,iOS_app,1619712914,COMPLETE,Europe/London,,0.0,2f890cbd3ff5484e8c64a3acdeb51592,class,1292,3,,,,,1619712825,1619716425,,,,,Olivia Amato
68,1619430867,iPhone,1619432756.0,running,False,False,b3de2a47ee6c457dad5840f6f0749139,False,,Running Workout,d1ab75df62ea451e82f63d060a4bfba3,iOS_app,1619430956,COMPLETE,Europe/London,,0.0,2f890cbd3ff5484e8c64a3acdeb51592,class,2071,2,,,,,1619430867,1619434467,,,,,Becs Gentry
69,1619429318,iPhone,1619429571.0,running,False,False,8ff0a9e7da494468976bbd234d524384,False,,Running Workout,fea82421dd6e48a5b96dbd301142102f,iOS_app,1619429527,COMPLETE,Europe/London,,0.0,2f890cbd3ff5484e8c64a3acdeb51592,class,116,3,,,,,1619429318,1619432918,,,,,Becs Gentry
70,1619383781,iPhone,1619385940.0,running,False,False,9f56164cecc948d5ae41f28ceabc0e18,False,,Running Workout,4b90a16b5edf4fb085e1c996b39233c1,iOS_app,1619383870,COMPLETE,Europe/London,,0.0,2f890cbd3ff5484e8c64a3acdeb51592,class,1740,1,,,,,1619383781,1619387381,,,,,Matt Wilpers
71,1619381582,iPhone,1619383591.0,running,False,False,025737c199044749ab594680a91c0e73,False,,Running Workout,0efde10d0916449baeddd399755b1721,iOS_app,1619381671,COMPLETE,Europe/London,,0.0,2f890cbd3ff5484e8c64a3acdeb51592,class,2061,4,,,,,1619381582,1619385182,,,,,Andy Speer
72,1619369739,iPhone,1619370129.0,running,False,False,7ae15bf9e31a48d59f263142c326e6e4,False,,Running Workout,26a4326edd0a42269e8e4c2d2a534241,iOS_app,1619369771,COMPLETE,Europe/London,,0.0,2f890cbd3ff5484e8c64a3acdeb51592,class,342,18,,,,,1619369739,1619373339,,,,,Matt Wilpers
73,1619357659,iPhone,1619357869.0,running,False,False,5eadf4c10b254b6fa2ca78d48d9e8f06,False,,Running Workout,fca8e4ee9e7a4234a7e2f31478a8ccc3,iOS_app,1619357749,COMPLETE,Europe/London,,0.0,2f890cbd3ff5484e8c64a3acdeb51592,class,188,2,,,,,1619357659,1619361259,,,,,Matt Wilpers
74,1619353611,iPhone,1619355380.0,running,False,False,06a067189907451db4187ce9ed5431c3,False,,Running Workout,1078c1734c0d43deac72b4131ca79010,iOS_app,1619353731,COMPLETE,Europe/London,,0.0,2f890cbd3ff5484e8c64a3acdeb51592,class,1879,6,,,,,1619353611,1619357211,,,,,Jess Sims
75,1619098878,iPhone,1619099146.0,running,False,False,132a2a84aed04dd5ae67e9a8beaafa34,False,,Running Workout,2c44c94461564192a0ed7482efeee0ab,iOS_app,1619099027,COMPLETE,Europe/London,,0.0,2f890cbd3ff5484e8c64a3acdeb51592,class,291,73,,,,,1619098878,1619102478,,,,,Becs Gentry
76,1619097330,iPhone,1619098289.0,running,False,False,e84a06a913dd409a88d7faa3bc9e161e,False,,Running Workout,ead8cb4c5537426b8576ea4189bf3bc4,iOS_app,1619097420,COMPLETE,Europe/London,,0.0,2f890cbd3ff5484e8c64a3acdeb51592,class,1024,17,,,,,1619097330,1619100930,,,,,Andy Speer
77,1619090282,iPhone,1619091699.0,running,False,False,53e02f4bb590423d8c867e129d90e9f2,False,,Running Workout,e0334876cb7147f0a6b9f8524d60c55d,iOS_app,1619090410,COMPLETE,Europe/London,,0.0,2f890cbd3ff5484e8c64a3acdeb51592,class,1376,2,,,,,1619090282,1619093882,,,,,Jess Sims
78,1619030287,iPhone,1619030588.0,running,False,False,64b9837503b1406daf183940fd1632f6,False,,Running Workout,2f34510a18e44bdca12d7aefe3682d34,iOS_app,1619030316,COMPLETE,Europe/London,,0.0,2f890cbd3ff5484e8c64a3acdeb51592,class,291,5,,,,,1619030287,1619033887,,,,,Becs Gentry
79,1619029374,iPhone,1619030052.0,running,False,False,dfcb5bad48904b52bebd86d19b71da43,False,,Running Workout,f09d0dc9526c4f8e93f72459c44c5883,iOS_app,1619029465,COMPLETE,Europe/London,,0.0,2f890cbd3ff5484e8c64a3acdeb51592,class,645,14,,,,,1619029374,1619032974,,,,,Andy Speer
80,1619028534,iPhone,1619029280.0,running,False,False,c2898d6e5e054f179c93f34342f71401,False,,Running Workout,85863070a2994a08b1286f10e64d849d,iOS_app,1619028663,COMPLETE,Europe/London,,0.0,2f890cbd3ff5484e8c64a3acdeb51592,class,692,30,,,,,1619028534,1619032134,,,,,Becs Gentry
81,1618923894,iPhone,1618924013.0,running,False,False,1c2f9875381c432f9fa18ee4d575132e,False,,Running Workout,f3bb345363b4441d975776fcfceddec3,iOS_app,1618923923,COMPLETE,Europe/London,,0.0,2f890cbd3ff5484e8c64a3acdeb51592,class,201,2,,,,,1618923894,1618927494,,,,,Andy Speer
82,1618913993,iPhone,1618914210.0,running,False,False,ee99af23ad5c43d390e1f5948a6654c3,False,,Running Workout,15220ae6c2764a50a2e3a0296f67fb6c,iOS_app,1618914210,COMPLETE,Europe/London,,0.0,2f890cbd3ff5484e8c64a3acdeb51592,class,104,14,,,,,1618913993,1618917593,,,,,Andy Speer
83,1618835227,iPhone,1618837987.0,running,False,False,1a8d5d29a8754fc2b2e084433bae3316,False,,Running Workout,c4e42024e90f42c7a4ab217f8d8c11b6,iOS_app,1618835286,COMPLETE,Europe/London,,0.0,2f890cbd3ff5484e8c64a3acdeb51592,class,1495,9,,,,,1618835227,1618838827,,,,,Rebecca Kennedy
84,1618835106,iPhone,1618835213.0,running,False,False,0417dcd0251f43fc9f0e0802fb18b01f,False,,Running Workout,cddf5b6f06c24cc598485cd9a0b5a613,iOS_app,1618835135,COMPLETE,Europe/London,,0.0,2f890cbd3ff5484e8c64a3acdeb51592,class,81,4,,,,,1618835106,1618838706,,,,,Rebecca Kennedy
85,1618834616,iPhone,1618834984.0,running,False,False,3eb274c8303c428b97d7a24c9162d3b9,False,,Running Workout,9e564746f3eb4f1fb31d7b6dbbb0a54b,iOS_app,1618834705,COMPLETE,Europe/London,,0.0,2f890cbd3ff5484e8c64a3acdeb51592,class,347,8,,,,,1618834616,1618838216,,,,,Rebecca Kennedy
86,1618758650,iPhone,1618759971.0,running,False,False,b4b23fb4ff584ebfb2bd5c32f0986911,False,,Running Workout,671ff6d54086467489db0fa4747451b0,iOS_app,1618758829,COMPLETE,Europe/London,,0.0,2f890cbd3ff5484e8c64a3acdeb51592,class,1271,9,,,,,1618758650,1618762250,,,,,Matt Wilpers
87,1618758162,iPhone,1618758640.0,running,False,False,e715718c141f485498040b3ce33af157,False,,Running Workout,4a7a9b56c7874e728ae3cf1089d2cdbd,iOS_app,1618758251,COMPLETE,Europe/London,,0.0,2f890cbd3ff5484e8c64a3acdeb51592,class,444,5,,,,,1618758162,1618761762,,,,,Becs Gentry
88,1618757341,iPhone,1618758010.0,running,False,False,39dc278bf872427591d6a7880d37a955,False,,Running Workout,c1b96bb70a6a4a508d2f0da18d20a66b,iOS_app,1618757431,COMPLETE,Europe/London,,0.0,2f890cbd3ff5484e8c64a3acdeb51592,class,655,4,,,,,1618757341,1618760941,,,,,Becs Gentry
89,1618757194,iPhone,1618757316.0,running,False,False,70e816c2c66e4ed9a1e9ca4376951da1,False,,Running Workout,87c0a84b03e14462aab39035f464079a,iOS_app,1618757284,COMPLETE,Europe/London,,0.0,2f890cbd3ff5484e8c64a3acdeb51592,class,116,3,,,,,1618757194,1618760794,,,,,Robin Arzón
90,1618756869,iPhone,1618757160.0,running,False,False,ecbd281e5e24459cbe85920c063a5190,False,,Running Workout,d6a21a44ecee43cba15ae95359c1da2f,iOS_app,1618756959,COMPLETE,Europe/London,,0.0,2f890cbd3ff5484e8c64a3acdeb51592,class,267,2,,,,,1618756869,1618760469,,,,,Becs Gentry
91,1618502359,iPhone,1618502469.0,cardio,False,False,b68b0ef1af5f4716ba6023715c4ea590,False,,Cardio Workout,9a0d926da3f24035b7dfd29a71c1039c,iOS_app,1618502469,COMPLETE,Europe/London,,0.0,2f890cbd3ff5484e8c64a3acdeb51592,class,86,3,,,,,1618502359,1618505959,,,,,Adrian Williams
92,1618495962,iPhone,1618496801.0,running,False,False,733ed7036ac642c983ec14fe37d64fe2,False,,Running Workout,4f1ff1b5f8e6493f861b517106d9a551,iOS_app,1618496051,COMPLETE,Europe/London,,0.0,2f890cbd3ff5484e8c64a3acdeb51592,class,974,3,,,,,1618495962,1618499562,,,,,Rebecca Kennedy
93,1618490534,iPhone,1618495723.0,running,False,False,06a136071a9540eebe5cffb5e76dcfd8,False,,Running Workout,8c8935aed2f74134bd12cd967035ef48,iOS_app,1618490623,COMPLETE,Europe/London,,0.0,2f890cbd3ff5484e8c64a3acdeb51592,class,1733,10,,,,,1618490534,1618494134,,,,,Rebecca Kennedy
94,1618409445,iPhone,1618409987.0,running,False,False,6627bf6d543143f88e802b002b42bb80,False,,Running Workout,2e2e56ef91434a958220b0ba5f2fd901,iOS_app,1618409534,COMPLETE,Europe/London,,0.0,2f890cbd3ff5484e8c64a3acdeb51592,class,446,0,,,,,1618409445,1618413045,,,,,Rebecca Kennedy
95,1618405008,iPhone,1618406430.0,running,False,False,ec8c81602a944c6ab3500d7f12ef6706,False,,Running Workout,de5402a690504576b6012bb72b6b5637,iOS_app,1618405038,COMPLETE,Europe/London,,0.0,2f890cbd3ff5484e8c64a3acdeb51592,class,369,5,,,,,1618405008,1618408608,,,,,Andy Speer
96,1618402973,iPhone,1618404323.0,running,False,False,000f4cb31ad14e31b6d84a60db4f8223,False,,Running Workout,e5dbc37f343b43e48c24ebd1dc74f5b9,iOS_app,1618403063,COMPLETE,Europe/London,,0.0,2f890cbd3ff5484e8c64a3acdeb51592,class,1453,16,,,,,1618402973,1618406573,,,,,Andy Speer
97,1618401404,iPhone,1618402843.0,running,False,False,c15713e2ccfe4c91948878003c4ae3da,False,,Running Workout,135faaf630c044d5a6414e8ba207269f,iOS_app,1618401494,COMPLETE,Europe/London,,0.0,2f890cbd3ff5484e8c64a3acdeb51592,class,1485,14,,,,,1618401404,1618405004,,,,,Andy Speer
