created_at,device_type,end_time,fitness_discipline,has_pedaling_metrics,has_leaderboard_metrics,id,is_total_work_personal_record,metrics_type,name,peloton_id,platform,start_time,status,timezone,title,total_work,user_id,workout_type,total_video_watch_time_seconds,total_video_buffering_seconds,v2_total_video_watch_time_seconds,v2_total_video_buffering_seconds,total_music_audio_play_seconds,total_music_audio_buffer_seconds,created,device_time_created_at,strava_id,fitbit_id,effort_zones,instructor_name,workout_timestamp,workout: day of week,workout: time of day,workout: month and year,service_id
1643809885,home_bike_plus,1643812675.0,bike_bootcamp,True,True,126c39b066f74e09b6c6956037f22cdb,True,cycling,Bike Bootcamp Workout,b1ec8a7ef27b4a7db2884bf18eb79187,home_bike,1643809976,COMPLETE,Etc/GMT+5,,139428.18,31ae007e7a7240c7828064205437909f,class,0,0,2892.0,1.0,,,1643809885,1643791885,,,,Jess Sims,2022-02-02 13:51,Wednesday,early afternoon,February-22,
1643724523,home_tread,1643727258.0,circuit,False,True,4a47dc8bfba14c1d8f11e9bc045289ac,False,running,Tread Bootcamp Workout,6798c54dae294f0facea65b6dfe65a8f,home_tread,1643724560,COMPLETE,Etc/GMT+5,,266306.8,31ae007e7a7240c7828064205437909f,class,0,0,2877.0,1.0,,,1643724523,1643706523,,,,Adrian Williams,2022-02-01 14:08,Tuesday,early afternoon,February-22,
1643680032,iPhone,1643680091.0,running,False,False,c751a5360dd74ef1b046feb2004f1ed2,False,,Running Workout,2142d6647f4643d4acaf094a5ce63f8e,iOS_app,1643680061,COMPLETE,America/New_York,,0.0,31ae007e7a7240c7828064205437909f,class,0,0,53.0,0.0,,,1643680032,1643662032,,,,Kirsten Ferguson,2022-02-01 01:47,Tuesday,early morning,February-22,
1643649141,iPhone,1643649441.0,bike_bootcamp,False,False,8ed868d2ff334dfabdb5d8b59efd6582,False,,Bike Bootcamp Workout,fdc8ee1a3df846b1acaa53a1e815599b,iOS_app,1643649171,COMPLETE,America/New_York,,0.0,31ae007e7a7240c7828064205437909f,class,0,0,313.0,0.0,,,1643649141,1643631141,,,,Jess Sims,2022-01-31 17:12,Monday,evening,January-22,
1643582648,iPhone,1643583748.0,walking,False,False,f3cd8d14e7194d9497872bcf24833134,False,,Walking Workout,2a18f00276914f85b8e25b85970f48c4,iOS_app,1643582737,COMPLETE,America/New_York,,0.0,31ae007e7a7240c7828064205437909f,class,0,0,1011.0,37.0,,,1643582648,1643564648,,,,Kirsten Ferguson,2022-01-30 22:44,Sunday,late night,January-22,
1643475890,iPhone,1643477750.0,running,False,False,36c5f08dd890455599d277c85703e214,False,,Running Workout,913fda12721a4906a303995b8a031b4e,iOS_app,1643475950,COMPLETE,America/New_York,,0.0,31ae007e7a7240c7828064205437909f,class,0,0,1949.0,0.0,,,1643475890,1643457890,,,,Kirsten Ferguson,2022-01-29 17:04,Saturday,evening,January-22,
1643330581,iPhone,1643331301.0,running,False,False,b624876b83e14556a5517db3d10ec202,False,,Running Workout,3d42f48b35c24bbfb8c492d27a5346b9,iOS_app,1643330671,COMPLETE,America/New_York,,0.0,31ae007e7a7240c7828064205437909f,class,0,0,741.0,0.0,,,1643330581,1643312581,,,,Kirsten Ferguson,2022-01-28 00:43,Friday,early morning,January-22,
1643329098,iPhone,1643330448.0,walking,False,False,b33bd4d7180e402fa1b075785891852e,False,,Walking Workout,49d987adbd324dea8a1fae3643219309,iOS_app,1643329188,COMPLETE,America/New_York,,0.0,31ae007e7a7240c7828064205437909f,class,0,0,1379.0,0.0,,,1643329098,1643311098,,,,Kirsten Ferguson,2022-01-28 00:18,Friday,early morning,January-22,
1643280698,iPhone,1643281387.0,meditation,False,False,5337e928a2be413496c262c49d5224ac,False,,Meditation Workout,2c33dc67357c4e2ebe8549078acf676e,iOS_app,1643280787,COMPLETE,America/New_York,,0.0,31ae007e7a7240c7828064205437909f,class,0,0,726.0,0.0,,,1643280698,1643262698,,,,Aditi Shah,2022-01-27 10:51,Thursday,morning,January-22,
1643125623,iPhone,1643127512.0,walking,False,False,7120865eb32044689d6586b4a3fc9ee6,False,,Walking Workout,5852dd60cea64ff2b2caef07c52459d2,iOS_app,1643125712,COMPLETE,America/New_York,,0.0,31ae007e7a7240c7828064205437909f,class,0,0,1978.0,0.0,,,1643125623,1643107623,,,,Kirsten Ferguson,2022-01-25 15:47,Tuesday,early afternoon,January-22,
1642947762,iPhone,1642949462.0,yoga,False,False,87437c0bc26146cfb1681f0c0e9a4535,False,,Yoga Workout,68fd30cb4c4c45f6b19b4af84403db97,iOS_app,1642948251,COMPLETE,America/New_York,,0.0,31ae007e7a7240c7828064205437909f,class,0,0,1490.0,2.0,,,1642947762,1642929762,,,,Chelsea Jackson Roberts,2022-01-23 14:22,Sunday,early afternoon,January-22,
1642945639,iPhone,1642947360.0,walking,False,False,99d83fcf5be64f718d77c0d3d4e5220b,False,,Walking Workout,88380858501c41dc87658ccc5881502f,iOS_app,1642945639,COMPLETE,America/New_York,,0.0,31ae007e7a7240c7828064205437909f,class,0,0,7.0,1.0,,,1642945639,1642927639,,,,Kirsten Ferguson,2022-01-23 13:47,Sunday,early afternoon,January-22,
1642944613,home_tread,1642947360.0,walking,False,True,ff6ae25550c74d11b62fdf40d690cd54,True,running,Walking Workout,88380858501c41dc87658ccc5881502f,home_tread,1642944662,COMPLETE,Etc/GMT+5,,557155.09,31ae007e7a7240c7828064205437909f,class,0,0,2895.0,2.0,,,1642944613,1642926613,,,,Kirsten Ferguson,2022-01-23 13:30,Sunday,early afternoon,January-22,
1642892362,iPhone,1642893921.0,walking,False,False,07aed9ff66ed4dfd9e5acaabe3f685c7,False,,Walking Workout,17768283bad64927ad60d05b0cea346d,iOS_app,1642892422,COMPLETE,America/New_York,,0.0,31ae007e7a7240c7828064205437909f,class,0,0,1525.0,3.0,,,1642892362,1642874362,,,,Kirsten Ferguson,2022-01-22 22:59,Saturday,late night,January-22,
1642863308,prism,1642867249.0,circuit,False,True,dac2b5fd970f41a090ebe9529c1ddd26,False,running,Tread Bootcamp Workout,4cd25dc695a64ade931c4f68735e1b6d,home_tread,1642863646,COMPLETE,Etc/GMT+5,,438647.26,31ae007e7a7240c7828064205437909f,class,0,0,4089.0,10.0,,,1642863308,1642845308,,,,Jess Sims,2022-01-22 14:55,Saturday,early afternoon,January-22,
1642775100,home_bike_plus,1642775160.0,cycling,True,True,e5972c21d6f94236bd6606a5d69d46d1,False,cycling,Cycling Workout,ad2fe96f6e91476082627448d2d454f1,home_bike,1642775160,COMPLETE,Etc/GMT+5,,0.0,31ae007e7a7240c7828064205437909f,class,0,0,18.0,1.0,,,1642775100,1642757100,,,,Matt Wilpers,2022-01-21 14:25,Friday,early afternoon,January-22,
1642773522,home_bike_plus,1642774782.0,cycling,True,True,3fe8ef8da18e4aa7a46b564a8af1fed5,True,cycling,Cycling Workout,13b46544a70349098de4a8b60b508064,home_bike,1642773582,COMPLETE,Etc/GMT+5,,146151.97,31ae007e7a7240c7828064205437909f,class,0,0,1381.0,1.0,,,1642773522,1642755522,,,,Matt Wilpers,2022-01-21 13:58,Friday,early afternoon,January-22,
1642772742,home_bike_plus,1642773401.0,cycling,True,True,a0c121f7ea2f44898f4f7503f3b46621,True,cycling,Cycling Workout,7914346d36244175ba5e1367807a0054,home_bike,1642772802,COMPLETE,Etc/GMT+5,,55196.52,31ae007e7a7240c7828064205437909f,class,0,0,709.0,0.0,,,1642772742,1642754742,,,,Matt Wilpers,2022-01-21 13:45,Friday,early afternoon,January-22,
1642717594,prism,1642720549.0,circuit,False,True,339b08b007e84541ba4c2b141e2f30c7,True,running,Tread Bootcamp Workout,ecd443556940490da7efad32aeffc86f,home_tread,1642717848,COMPLETE,Etc/GMT+5,,315778.46,31ae007e7a7240c7828064205437909f,class,0,0,3118.0,1.0,,,1642717594,1642699594,,,,Daniel McKenna,2022-01-20 22:26,Thursday,late night,January-22,
1642691465,iPhone,1642692035.0,walking,False,False,5b3ec643275a4caea975794ef4b06e58,False,,Walking Workout,7f336237393b4d198391e24ddf49b478,iOS_app,1642691495,COMPLETE,America/New_York,,0.0,31ae007e7a7240c7828064205437909f,class,0,0,668.0,0.0,,,1642691465,1642673465,,,,Kirsten Ferguson,2022-01-20 15:11,Thursday,early afternoon,January-22,
1642691218,iPhone,1642691430.0,walking,False,False,486b400f87db4d5ea0ffed7fbdafa6de,False,,Walking Workout,7f336237393b4d198391e24ddf49b478,iOS_app,1642691247,COMPLETE,America/New_York,,0.0,31ae007e7a7240c7828064205437909f,class,0,0,49.0,9.0,,,1642691218,1642673218,,,,Kirsten Ferguson,2022-01-20 15:06,Thursday,early afternoon,January-22,
1642601013,home_bike_plus,1642603773.0,cycling,True,True,7819e273f52040fa99e4a6323f87068b,False,cycling,Cycling Workout,276e7a846c6f45df8bc90fa15de75c8d,home_bike,1642601073,COMPLETE,Etc/GMT+5,,244505.35,31ae007e7a7240c7828064205437909f,class,0,0,2866.0,1.0,,,1642601013,1642583013,,,,Matt Wilpers,2022-01-19 14:03,Wednesday,early afternoon,January-22,
1642597563,prism,1642600279.0,running,False,True,d810d541c9634296b556ed548a12abf0,True,running,Running Workout,aad8dfd81b3d41b99feafd07887a6f50,home_tread,1642597578,COMPLETE,Etc/GMT+5,,608442.81,31ae007e7a7240c7828064205437909f,class,0,0,2829.0,1.0,,,1642597563,1642579563,,,,Becs Gentry,2022-01-19 13:06,Wednesday,early afternoon,January-22,
1642545605,prism,1642546850.0,circuit,False,True,993b75330eea4799b7cac3694abcfff1,False,running,Tread Bootcamp Workout,e281cfc472344980b585b86406340c9e,home_tread,1642545607,COMPLETE,Etc/GMT+5,,101519.85,31ae007e7a7240c7828064205437909f,class,0,0,1370.0,1.0,,,1642545605,1642527605,,,,Jess Sims,2022-01-18 22:40,Tuesday,late night,January-22,
1642516754,home_bike_plus,1642519514.0,strength,False,False,76e22a06e874489d9018336a97702ead,False,,Strength Workout,331b761572de4d8f89ce7fac899eefd9,home_bike,1642516814,COMPLETE,Etc/GMT+5,,0.0,31ae007e7a7240c7828064205437909f,class,0,0,2911.0,0.0,,,1642516754,1642498754,,,,Adrian Williams,2022-01-18 14:39,Tuesday,early afternoon,January-22,
1642515227,prism,1642516487.0,running,False,True,0de3d76896d847f180acd595e348c54c,False,running,Running Workout,a9f79f99530642b0b8db44ee880ebb66,home_tread,1642515286,COMPLETE,Etc/GMT+5,,280407.95,31ae007e7a7240c7828064205437909f,class,0,0,1392.0,2.0,,,1642515227,1642497227,,,,Kirsten Ferguson,2022-01-18 14:13,Tuesday,early afternoon,January-22,
1642438985,home_bike_plus,1642440651.0,yoga,False,False,daa2b1697a234dd9ba57948fd597966b,False,,Yoga Workout,5aede4879e1b4825bbcfdc7ec0b71d95,home_bike,1642438986,COMPLETE,Etc/GMT+5,,0.0,31ae007e7a7240c7828064205437909f,class,0,0,1805.0,1.0,,,1642438985,1642420985,,,,Chelsea Jackson Roberts,2022-01-17 17:03,Monday,evening,January-22,
1642431464,iPhone,1642433450.0,cycling,False,False,b81ccb9762cd46d5a35be78a9ab4e213,False,,Cycling Workout,8de7d1682e3b4ca5980ef2ef541a9dfb,iOS_app,1642431649,COMPLETE,America/New_York,,191179.75,31ae007e7a7240c7828064205437909f,class,0,0,2060.0,18.0,,,1642431464,1642413464,,,"{'total_effort_points': 2.7, 'heart_rate_zone_durations': {'heart_rate_z1_duration': 267, 'heart_rate_z2_duration': 140, 'heart_rate_z3_duration': 0, 'heart_rate_z4_duration': 0, 'heart_rate_z5_duration': 0}}",Tunde Oyeneyin,2022-01-17 14:57,Monday,early afternoon,January-22,
1642258664,prism,1642262450.0,circuit,False,True,3b014c6d13b0456abe7400ca452900b8,False,running,Tread Bootcamp Workout,200e582da9a54b6697853fba2026f5d5,home_tread,1642258851,COMPLETE,Etc/GMT+5,,469930.38,31ae007e7a7240c7828064205437909f,class,0,0,3981.0,1.0,,,1642258664,1642240664,,,,Jess Sims,2022-01-15 14:57,Saturday,early afternoon,January-22,
1642181510,iPhone,1642182800.0,running,False,False,cf43fb7ac11e478683d6d02f3e9383d5,False,,Running Workout,027b47ea137041be9e8a6b160edbc4f1,iOS_app,1642181600,COMPLETE,America/New_York,,0.0,31ae007e7a7240c7828064205437909f,class,0,0,1378.0,1.0,,,1642181510,1642163510,,,,Kirsten Ferguson,2022-01-14 17:31,Friday,evening,January-22,
1642044261,iPhone,1642045070.0,walking,False,False,cc496062a8704111bb9768be93ce43ce,False,,Walking Workout,7509688e7b5b4383a78c89f41bb30a5e,iOS_app,1642044290,COMPLETE,America/New_York,,0.0,31ae007e7a7240c7828064205437909f,class,0,0,596.0,2.0,,,1642044261,1642026261,,,,Rebecca Kennedy,2022-01-13 03:24,Thursday,early morning,January-22,
1642043906,iPhone,1642044210.0,walking,False,False,eb98fc6a419b493bba3885f4564a9d8a,False,,Walking Workout,0ad2ab47e9494cf98182767c6560018a,iOS_app,1642043995,COMPLETE,America/New_York,,0.0,31ae007e7a7240c7828064205437909f,class,0,0,300.0,0.0,,,1642043906,1642025906,,,,Jess King,2022-01-13 03:18,Thursday,early morning,January-22,
1642043363,iPhone,1642043867.0,walking,False,False,0e71d36ac8a44afb833b1a666f23c3fb,False,,Walking Workout,bd5ab0800746481a85c31d3b0b3c05d3,iOS_app,1642043393,COMPLETE,America/New_York,,0.0,31ae007e7a7240c7828064205437909f,class,0,0,438.0,3.0,,,1642043363,1642025363,,,,Marcel Dinkins,2022-01-13 03:09,Thursday,early morning,January-22,
1641960378,iPhone,1641963047.0,running,False,False,3e5e6dcb72984a189abdd32a6a4f0271,False,,Running Workout,0d357785d3314e659b017ddeadbbea4d,iOS_app,1641960468,COMPLETE,America/New_York,,0.0,31ae007e7a7240c7828064205437909f,class,0,0,313.0,1.0,,,1641960378,1641942378,,,,Kirsten Ferguson,2022-01-12 04:06,Wednesday,early morning,January-22,
1641773812,iPhone,1641775731.0,yoga,False,False,3f1f645ffe684e588fdebc03c2634515,False,,Yoga Workout,c26133d3b378446e835ce1a2ead6d7cb,iOS_app,1641773932,COMPLETE,America/New_York,,0.0,31ae007e7a7240c7828064205437909f,class,0,0,1980.0,0.0,,,1641773812,1641755812,,,,Chelsea Jackson Roberts,2022-01-10 00:16,Monday,early morning,January-22,
1641753073,iPhone,1641753403.0,walking,False,False,3cfaf4997ec34c1d9797e7c559e9ae31,False,,Walking Workout,b3a98556e77a49ba98b7946adf988f86,iOS_app,1641753103,COMPLETE,America/New_York,,0.0,31ae007e7a7240c7828064205437909f,class,0,0,413.0,49.0,,,1641753073,1641735073,,,,Kirsten Ferguson,2022-01-09 18:31,Sunday,evening,January-22,
1641747978,iPhone,1641748577.0,running,False,False,eae08deed0f049f9bcb0fed6200455e6,False,,Running Workout,96b1334c9b3d464992b38713826d379a,iOS_app,1641748068,COMPLETE,America/New_York,,0.0,31ae007e7a7240c7828064205437909f,class,0,0,529.0,1.0,,,1641747978,1641729978,,,,Robin Arzón,2022-01-09 17:06,Sunday,evening,January-22,
1641403814,iPhone,1641403861.0,stretching,False,False,f23179734f4a4b64932b2459fc85b221,False,,Stretching Workout,d216d21ec7684b008886fa508766ec4a,iOS_app,1641403861,COMPLETE,America/New_York,,0.0,31ae007e7a7240c7828064205437909f,class,0,0,,,,,1641403814,1641385814,,,,Adrian Williams,2022-01-05 17:30,Wednesday,evening,January-22,
1641403523,iPhone,1641403613.0,stretching,False,False,6cc1c3947c4a4f9dab7b86063d632692,False,,Stretching Workout,fed8cb5879b94d5fbf4d95c6cd471dbd,iOS_app,1641403553,COMPLETE,America/New_York,,0.0,31ae007e7a7240c7828064205437909f,class,0,0,80.0,0.0,,,1641403523,1641385523,,,,Jermaine Johnson,2022-01-05 17:25,Wednesday,evening,January-22,
1641403259,iPhone,1641403509.0,stretching,False,False,64a441bd44734c6b95968bdb38729a8e,False,,Stretching Workout,a32a2cc738c146a593a494a4f18dde55,iOS_app,1641403318,COMPLETE,America/New_York,,0.0,31ae007e7a7240c7828064205437909f,class,0,0,247.0,0.0,,,1641403259,1641385259,,,,Joslyn Thompson Rule,2022-01-05 17:20,Wednesday,evening,January-22,
1641402930,iPhone,1641403244.0,stretching,False,False,81684a9471624217acffe0e3d1337ab5,False,,Stretching Workout,36f2f14b7f7a442b916d3ab3f8a3b576,iOS_app,1641402960,COMPLETE,America/New_York,,0.0,31ae007e7a7240c7828064205437909f,class,0,0,308.0,0.0,,,1641402930,1641384930,,,,Adrian Williams,2022-01-05 17:15,Wednesday,evening,January-22,
1641299150,iPhone,1641300560.0,running,False,False,9cc1a60c6f0b4e608dcf71af95c226c5,False,,Running Workout,7fa42924402043ac84660d59df75ac56,iOS_app,1641299239,COMPLETE,America/New_York,,0.0,31ae007e7a7240c7828064205437909f,class,0,0,1202.0,1.0,,,1641299150,1641281150,,,,Kirsten Ferguson,2022-01-04 12:25,Tuesday,early afternoon,January-22,
1641130168,prism,1641132900.0,walking,False,True,6df61846344c47f587800bd7c869ef6d,False,running,Walking Workout,dc1bb371a92545c5bc412ba5d18aaf31,home_tread,1641130197,COMPLETE,Etc/GMT+5,,531251.33,31ae007e7a7240c7828064205437909f,class,0,0,2870.0,3.0,,,1641130168,1641112168,,,,Kirsten Ferguson,2022-01-02 13:29,Sunday,early afternoon,January-22,
1641056325,prism,1641057659.0,walking,False,True,1bfa3d9c784641eeaecef8295963d7c9,True,running,Walking Workout,e0ea595c8586458382bcb49cd0b91d6e,home_tread,1641056458,COMPLETE,Etc/GMT+5,,223960.86,31ae007e7a7240c7828064205437909f,class,0,0,1396.0,0.0,,,1641056325,1641038325,,,,Kirsten Ferguson,2022-01-01 16:58,Saturday,early afternoon,January-22,
1641043956,iPhone,1641045245.0,walking,False,False,1db500a5e7c24075bfa206a7ba55e60b,False,,Walking Workout,e3d039c9085c41bdbf94b4e266deea40,iOS_app,1641044045,COMPLETE,America/New_York,,0.0,31ae007e7a7240c7828064205437909f,class,0,0,1385.0,1.0,,,1641043956,1641025956,,,,Kirsten Ferguson,2022-01-01 13:32,Saturday,early afternoon,January-22,
1640979596,iPhone,1640981515.0,running,False,False,5bd6e2fcea634c7183615524158ef2b0,False,,Running Workout,61cf83b87bd54eaa8182ab8dbc5cd03a,iOS_app,1640979685,COMPLETE,America/New_York,,0.0,31ae007e7a7240c7828064205437909f,class,0,0,1899.0,0.0,,,1640979596,1640961596,,,,Kirsten Ferguson,2021-12-31 19:39,Friday,evening,December-21,
1640963017,prism,1640964877.0,running,False,True,442343856aac425cbb02bceb3287e183,False,running,Running Workout,bd15ba7c6fee4d9d846dea74effc6c17,home_tread,1640963075,COMPLETE,Etc/GMT+5,,434697.42,31ae007e7a7240c7828064205437909f,class,0,0,1980.0,0.0,,,1640963017,1640945017,,,,Jess Sims,2021-12-31 15:03,Friday,early afternoon,December-21,
1640960691,home_bike_plus,1640962499.0,cycling,True,True,52b197af3d614ad78003ae1a5562510f,False,cycling,Cycling Workout,dbb44f6595714f6b8ee18ddcf11fca04,home_bike,1640960699,COMPLETE,Etc/GMT+5,,186748.6,31ae007e7a7240c7828064205437909f,class,0,0,1909.0,2.0,,,1640960691,1640942691,,,,Robin Arzón,2021-12-31 14:24,Friday,early afternoon,December-21,
1640749511,iPhone,1640749571.0,walking,False,False,41aa19c1407c4556abf3e72d90f8d1a8,False,,Walking Workout,6b3f1feb5dcf48aa9419b6d962bc1ae0,iOS_app,1640749541,COMPLETE,America/New_York,,0.0,31ae007e7a7240c7828064205437909f,class,0,0,76.0,0.0,,,1640749511,1640731511,,,,Joslyn Thompson Rule,2021-12-29 03:45,Wednesday,early morning,December-21,
1640526250,iPhone,1640526760.0,walking,False,False,bbcdac82f8984760a6fb85dcf35845b9,False,,Walking Workout,f89e6888c25e4fd3aff85a179a92cee7,iOS_app,1640526280,COMPLETE,America/New_York,,0.0,31ae007e7a7240c7828064205437909f,class,0,0,508.0,1.0,,,1640526250,1640508250,,,,Kirsten Ferguson,2021-12-26 13:44,Sunday,early afternoon,December-21,
1640171158,iPhone,1640171547.0,cycling,False,False,16124ff4c84640c9aafaf42ba0ed380c,False,,Cycling Workout,6bf42833033b4a7c8e0aea21239dea43,iOS_app,1640171277,COMPLETE,America/New_York,,0.0,31ae007e7a7240c7828064205437909f,class,0,0,285.0,0.0,,,1640171158,1640153158,,,,Matt Wilpers,2021-12-22 11:05,Wednesday,morning,December-21,
1640137921,iPhone,1640139061.0,running,False,False,3e50168856554d83951be65cc0ef686b,False,,Running Workout,2e7c107002c849f59b5ab23ce7e93fa6,iOS_app,1640138011,COMPLETE,America/New_York,,0.0,31ae007e7a7240c7828064205437909f,class,0,0,1109.0,0.0,,,1640137921,1640119921,,,,Kirsten Ferguson,2021-12-22 01:52,Wednesday,early morning,December-21,
1640053387,iPhone,1640057312.0,running,False,False,89e5e2b5628c4f2c87dec2f4cd89278d,False,,Running Workout,0cc7d31acb3e4502b11347a9dc9f3cbf,iOS_app,1640053446,COMPLETE,America/New_York,,0.0,31ae007e7a7240c7828064205437909f,class,0,0,1235.0,14.0,,,1640053387,1640035387,,,,Kirsten Ferguson,2021-12-21 02:23,Tuesday,early morning,December-21,
1640040816,iPhone,1640040845.0,running,False,False,583beaf404fc4b40b358ca9844c2b9fd,False,,Running Workout,9585cb2a22ac4648ad36c8dbc4919783,iOS_app,1640040845,COMPLETE,America/New_York,,0.0,31ae007e7a7240c7828064205437909f,class,0,0,28.0,0.0,,,1640040816,1640022816,,,,Matty Maggiacomo,2021-12-20 22:53,Monday,late night,December-21,
1639702449,iPhone,1639703230.0,running,False,False,9e3e424269524592b1a34b4527e40579,False,,Running Workout,2bd0738a13b148b9ae068b81c3a3471c,iOS_app,1639702539,COMPLETE,America/New_York,,0.0,31ae007e7a7240c7828064205437909f,class,0,0,599.0,0.0,,,1639702449,1639684449,,,,Kirsten Ferguson,2021-12-17 00:54,Friday,early morning,December-21,
1639700329,iPhone,1639702309.0,running,False,False,5005633ca73b40c69a40d92351581426,False,,Running Workout,51d39cebb5eb4d16bf801ab9f6c4ad45,iOS_app,1639700419,COMPLETE,America/New_York,,0.0,31ae007e7a7240c7828064205437909f,class,0,0,2102.0,1.0,,,1639700329,1639682329,,,,Kirsten Ferguson,2021-12-17 00:18,Friday,early morning,December-21,
1639490866,iPhone,1639492069.0,walking,False,False,2ccc61ec7ae44715a973cac57bda5c23,False,,Walking Workout,b05d60e6ec8f4b8a89c83fd506ecc210,iOS_app,1639490896,COMPLETE,America/New_York,,0.0,31ae007e7a7240c7828064205437909f,class,0,0,1201.0,0.0,,,1639490866,1639472866,,,,Kirsten Ferguson,2021-12-14 14:07,Tuesday,early afternoon,December-21,
1639489641,iPhone,1639490843.0,walking,False,False,e57aa9d6461b42d09bf76c576e311429,False,,Walking Workout,bd9acdc142454c19841f0f98642dd625,iOS_app,1639489671,COMPLETE,America/New_York,,0.0,31ae007e7a7240c7828064205437909f,class,0,0,1201.0,0.0,,,1639489641,1639471641,,,,Kirsten Ferguson,2021-12-14 13:47,Tuesday,early afternoon,December-21,
1639452913,iPhone,1639454052.0,running,False,False,7b97044d59d3486c8357c4015b2ab4ff,False,,Running Workout,0a942c5df98249f78788cb8dff84db53,iOS_app,1639452943,COMPLETE,America/New_York,,0.0,31ae007e7a7240c7828064205437909f,class,0,0,1262.0,0.0,,,1639452913,1639434913,,,,Kirsten Ferguson,2021-12-14 03:35,Tuesday,early morning,December-21,
1639448480,iPhone,1639449560.0,running,False,False,f42f1d66614646929181c4526af3342c,False,,Running Workout,c2f3437b64394ad7b615c3d09cb43fbe,iOS_app,1639448510,COMPLETE,America/New_York,,0.0,31ae007e7a7240c7828064205437909f,class,0,0,1181.0,3.0,,,1639448480,1639430480,,,,Kirsten Ferguson,2021-12-14 02:21,Tuesday,early morning,December-21,
1639234584,prism,1639238449.0,circuit,False,True,a912cab3445e45ba9229e658c77062c6,True,running,Tread Bootcamp Workout,fead77fa6d264c259335e3c3dc6bb321,home_tread,1639234850,COMPLETE,Etc/GMT+5,,479248.74,31ae007e7a7240c7828064205437909f,class,0,0,4011.0,0.0,,,1639234584,1639216584,,,,Jess Sims,2021-12-11 14:56,Saturday,early afternoon,December-21,
1638918712,prism,1638920154.0,running,False,True,e6cf37b41a1640bd8ec60ec8186f782d,True,running,Running Workout,f903a879d002403ca4925c5b27961cc2,home_tread,1638918947,COMPLETE,Etc/GMT+5,,292576.87,31ae007e7a7240c7828064205437909f,class,0,0,1605.0,2.0,,,1638918712,1638900712,,,,Jess Sims,2021-12-07 23:11,Tuesday,late night,December-21,
1638917098,prism,1638918300.0,running,False,True,9bd7dcb8b35d41d28183bcfbde403d05,False,running,Running Workout,f026ee9e903c415d92953fb9b4022ef7,home_tread,1638917100,COMPLETE,Etc/GMT+5,,291960.58,31ae007e7a7240c7828064205437909f,class,0,0,1341.0,2.0,,,1638917098,1638899098,,,,Kirsten Ferguson,2021-12-07 22:44,Tuesday,late night,December-21,
1638895721,iPhone,1638896172.0,cardio,False,False,e781f53ab25d447c92b9a5c91c9351fc,False,,Cardio Workout,e4519c64e5394508a4bdb684eeca0fdc,iOS_app,1638895811,COMPLETE,America/New_York,,0.0,31ae007e7a7240c7828064205437909f,class,0,0,438.0,0.0,,,1638895721,1638877721,,,"{'total_effort_points': 1.6, 'heart_rate_zone_durations': {'heart_rate_z1_duration': 324, 'heart_rate_z2_duration': 0, 'heart_rate_z3_duration': 0, 'heart_rate_z4_duration': 0, 'heart_rate_z5_duration': 0}}",Kendall Toole,2021-12-07 16:48,Tuesday,early afternoon,December-21,
1638846523,iPhone,1638848383.0,running,False,False,3058b89f21c644daaa78078c9162b8a5,False,,Running Workout,d30bfcc507304295825749086408f58f,iOS_app,1638846583,COMPLETE,America/New_York,,0.0,31ae007e7a7240c7828064205437909f,class,0,0,,,,,1638846523,1638828523,,,,Kirsten Ferguson,2021-12-07 03:08,Tuesday,early morning,December-21,
1638715274,iPhone,1638715904.0,strength,False,False,4309992595a344369887b65e1ccf3105,False,,Strength Workout,b81adb14f9ea40048c39be7f6cd2a6b1,iOS_app,1638715304,COMPLETE,America/New_York,,0.0,31ae007e7a7240c7828064205437909f,class,0,0,598.0,0.0,,,1638715274,1638697274,,,"{'total_effort_points': 2.1, 'heart_rate_zone_durations': {'heart_rate_z1_duration': 368, 'heart_rate_z2_duration': 29, 'heart_rate_z3_duration': 0, 'heart_rate_z4_duration': 0, 'heart_rate_z5_duration': 0}}",Rad Lopez,2021-12-05 14:41,Sunday,early afternoon,December-21,
1638621806,prism,1638623666.0,running,False,True,02149d9add514e53988d809bacd4e0d5,False,running,Running Workout,ce610e23df68461e896bfe78d5324784,home_tread,1638621864,COMPLETE,Etc/GMT+5,,427486.46,31ae007e7a7240c7828064205437909f,class,0,0,2000.0,2.0,,,1638621806,1638603806,,,,Marcel Dinkins,2021-12-04 12:43,Saturday,early afternoon,December-21,
1638373693,prism,1638375553.0,running,False,True,586bc2461b9f4f34a0b004eea1bab204,True,running,Running Workout,79ff2e14a18a45ba806e805aec057ddd,home_tread,1638373754,COMPLETE,Etc/GMT+5,,451737.2,31ae007e7a7240c7828064205437909f,class,0,0,1920.0,1.0,,,1638373693,1638355693,,,,Robin Arzón,2021-12-01 15:48,Wednesday,early afternoon,December-21,
1638014714,iPhone,1638015125.0,walking,False,False,68ecad69b90f4160b87aaef93c6cebde,False,,Walking Workout,780d3b56b549439d8117956dd7c80b3f,iOS_app,1638014804,COMPLETE,America/New_York,,0.0,31ae007e7a7240c7828064205437909f,class,0,0,195.0,0.0,,,1638014714,1637996714,,,"{'total_effort_points': 0.7, 'heart_rate_zone_durations': {'heart_rate_z1_duration': 133, 'heart_rate_z2_duration': 0, 'heart_rate_z3_duration': 0, 'heart_rate_z4_duration': 0, 'heart_rate_z5_duration': 0}}",Rebecca Kennedy,2021-11-27 12:05,Saturday,early afternoon,November-21,
1637940242,iPhone,1637942493.0,walking,False,False,f3cc875d28694753919a03ad8ff0cc36,False,,Walking Workout,0f2a99a7c8fd4c6297970d39af5adaab,iOS_app,1637940272,COMPLETE,America/New_York,,0.0,31ae007e7a7240c7828064205437909f,class,0,0,1201.0,0.0,,,1637940242,1637922242,,,"{'total_effort_points': 0.7, 'heart_rate_zone_durations': {'heart_rate_z1_duration': 129, 'heart_rate_z2_duration': 0, 'heart_rate_z3_duration': 0, 'heart_rate_z4_duration': 0, 'heart_rate_z5_duration': 0}}",Kirsten Ferguson,2021-11-26 15:24,Friday,early afternoon,November-21,
1637931472,iPhone,1637933211.0,running,False,False,0de0469329e5487083b850bacb41c64a,False,,Running Workout,caa94a810a3642abade4aebf233096b8,iOS_app,1637931501,COMPLETE,America/New_York,,0.0,31ae007e7a7240c7828064205437909f,class,0,0,1732.0,0.0,,,1637931472,1637913472,,,"{'total_effort_points': 8.4, 'heart_rate_zone_durations': {'heart_rate_z1_duration': 1687, 'heart_rate_z2_duration': 0, 'heart_rate_z3_duration': 0, 'heart_rate_z4_duration': 0, 'heart_rate_z5_duration': 0}}",Multiple Instructors,2021-11-26 12:57,Friday,early afternoon,November-21,
1637851399,iPhone,1637851429.0,cardio,False,False,84283c6d805c4ca383d0a0c06f0fc31b,False,,Cardio Workout,ae58b38b463e4bb69fc5325e09a336cd,iOS_app,1637851429,COMPLETE,America/New_York,,0.0,31ae007e7a7240c7828064205437909f,class,0,0,29.0,0.0,,,1637851399,1637833399,,,"{'total_effort_points': 0.1, 'heart_rate_zone_durations': {'heart_rate_z1_duration': 22, 'heart_rate_z2_duration': 0, 'heart_rate_z3_duration': 0, 'heart_rate_z4_duration': 0, 'heart_rate_z5_duration': 0}}",Jess Sims,2021-11-25 14:43,Thursday,early afternoon,November-21,
1637849005,iPhone,1637850654.0,running,False,False,0aacb326b05545eeafc7da4226d91b8b,False,,Running Workout,91aafa88c4bf4c9bbd549d21ae2e6789,iOS_app,1637849034,COMPLETE,America/New_York,,0.0,31ae007e7a7240c7828064205437909f,class,0,0,1655.0,8.0,,,1637849005,1637831005,,,"{'total_effort_points': 6.0, 'heart_rate_zone_durations': {'heart_rate_z1_duration': 1193, 'heart_rate_z2_duration': 0, 'heart_rate_z3_duration': 0, 'heart_rate_z4_duration': 0, 'heart_rate_z5_duration': 0}}",Marcel Dinkins,2021-11-25 14:03,Thursday,early afternoon,November-21,
1637781224,iPhone,1637784336.0,running,False,False,a77345cdc1f9407cbdbf9ffbe32fed58,False,,Running Workout,c6c157c199374bb8b1e533e7d98ea275,iOS_app,1637781253,COMPLETE,America/New_York,,0.0,31ae007e7a7240c7828064205437909f,class,0,0,449.0,0.0,,,1637781224,1637763224,,,"{'total_effort_points': 2.2, 'heart_rate_zone_durations': {'heart_rate_z1_duration': 439, 'heart_rate_z2_duration': 0, 'heart_rate_z3_duration': 0, 'heart_rate_z4_duration': 0, 'heart_rate_z5_duration': 0}}",Becs Gentry,2021-11-24 19:13,Wednesday,evening,November-21,
1637759610,home_bike_plus,1637761470.0,cycling,True,True,cb3a4ffc0da643589de5ec4200b68ef4,True,cycling,Cycling Workout,ef4c9ac5738f4241996b71575da29fe8,home_bike,1637759671,COMPLETE,Etc/GMT+5,,198829.79,31ae007e7a7240c7828064205437909f,class,0,0,2005.0,0.0,,,1637759610,1637741610,,,,Alex Toussaint,2021-11-24 13:13,Wednesday,early afternoon,November-21,
1637592809,iPhone,1637594859.0,walking,False,False,d2748cfe0fa7458b986935a72b72087c,False,,Walking Workout,1532b8bb1f874c24bc567cc61bbd2fa5,iOS_app,1637592839,COMPLETE,America/New_York,,0.0,31ae007e7a7240c7828064205437909f,class,0,0,1611.0,3.0,,,1637592809,1637574809,,,,Kirsten Ferguson,2021-11-22 14:53,Monday,early afternoon,November-21,
1637548402,iPhone,1637552366.0,walking,False,False,b7f7b5386587438aa77b5dc71c06c67a,False,,Walking Workout,6fba8e59d82541dc987ce058c8880823,iOS_app,1637548492,COMPLETE,America/New_York,,0.0,31ae007e7a7240c7828064205437909f,class,0,0,2866.0,0.0,,,1637548402,1637530402,,,"{'total_effort_points': 1.8, 'heart_rate_zone_durations': {'heart_rate_z1_duration': 356, 'heart_rate_z2_duration': 0, 'heart_rate_z3_duration': 0, 'heart_rate_z4_duration': 0, 'heart_rate_z5_duration': 0}}",Kirsten Ferguson,2021-11-22 02:33,Monday,early morning,November-21,
1637332356,iPhone,1637335813.0,walking,False,False,e19d6bb049d24e0b968cf073968d93fd,False,,Walking Workout,ee7697861dc44a86a890f3bd1ed6d413,iOS_app,1637332439,COMPLETE,America/New_York,,0.0,31ae007e7a7240c7828064205437909f,class,0,0,1103.0,0.0,,,1637332356,1637314356,,,"{'total_effort_points': 5.3, 'heart_rate_zone_durations': {'heart_rate_z1_duration': 1058, 'heart_rate_z2_duration': 0, 'heart_rate_z3_duration': 0, 'heart_rate_z4_duration': 0, 'heart_rate_z5_duration': 0}}",Matty Maggiacomo,2021-11-19 14:32,Friday,early afternoon,November-21,
1637332350,iPhone,1637335110.0,walking,False,False,19339de221a14280b3ddb147b51b895e,False,,Walking Workout,ee7697861dc44a86a890f3bd1ed6d413,iOS_app,1637332410,COMPLETE,America/New_York,,0.0,31ae007e7a7240c7828064205437909f,class,0,0,,,,,1637332350,1637314350,,,,Matty Maggiacomo,2021-11-19 14:32,Friday,early afternoon,November-21,
1637323108,iPhone,1637323497.0,running,False,False,decda87c077143a18225719de72ff492,False,,Running Workout,ca5f67ff2d0442ea965e8a3e5ac572ed,iOS_app,1637323137,COMPLETE,America/New_York,,0.0,31ae007e7a7240c7828064205437909f,class,0,0,476.0,0.0,,,1637323108,1637305108,,,,Kirsten Ferguson,2021-11-19 11:58,Friday,morning,November-21,
1637190023,home_tread,1637191883.0,running,False,True,dab071152b5c48889150d9c837bb564c,False,running,Running Workout,334f3cdae415429c9652d306e7d6ec31,home_tread,1637190084,COMPLETE,Etc/GMT+5,,391453.09,31ae007e7a7240c7828064205437909f,class,0,0,2009.0,0.0,,,1637190023,1637172023,,,,Kirsten Ferguson,2021-11-17 23:00,Wednesday,late night,November-21,
1637189894,home_tread,1637190000.0,running,False,True,d7698b97245d4b55ae3978b225684f5c,False,running,Running Workout,f6859028f9fa49109560316d8f26170d,home_tread,1637190000,COMPLETE,Etc/GMT+5,,0.0,31ae007e7a7240c7828064205437909f,class,0,0,33.0,0.0,,,1637189894,1637171894,,,,Kirsten Ferguson,2021-11-17 22:58,Wednesday,late night,November-21,
1637189195,home_bike_plus,1637189661.0,strength,False,False,2e539f1728ab47a38966ef01045cd195,False,,Strength Workout,8bd42c5249934749ac87c2a27adf998f,home_bike,1637189225,COMPLETE,Etc/GMT+5,,0.0,31ae007e7a7240c7828064205437909f,class,0,0,463.0,1.0,,,1637189195,1637171195,,,,Ben Alldis,2021-11-17 22:46,Wednesday,late night,November-21,
1637188819,home_bike_plus,1637189120.0,strength,False,False,75dedc7415364c7ca54fa9777434c273,False,,Strength Workout,688eb421d0774cfeaf89fea9213fb8d5,home_bike,1637188821,COMPLETE,Etc/GMT+5,,0.0,31ae007e7a7240c7828064205437909f,class,0,0,324.0,1.0,,,1637188819,1637170819,,,,Rebecca Kennedy,2021-11-17 22:40,Wednesday,late night,November-21,
1637066446,iPhone,1637068455.0,running,False,False,d65dfc0f8078435fa360929cb6d0d606,False,,Running Workout,fc215225637b4e9f9d935a434a2c6e5b,iOS_app,1637066535,COMPLETE,America/New_York,,0.0,31ae007e7a7240c7828064205437909f,class,0,0,2117.0,7.0,,,1637066446,1637048446,,,"{'total_effort_points': 9.0, 'heart_rate_zone_durations': {'heart_rate_z1_duration': 1800, 'heart_rate_z2_duration': 0, 'heart_rate_z3_duration': 0, 'heart_rate_z4_duration': 0, 'heart_rate_z5_duration': 0}}",Kirsten Ferguson,2021-11-16 12:40,Tuesday,early afternoon,November-21,
1636754327,iPhone,1636755677.0,walking,False,False,24b5d04aee3a47e1bc4b2fdbacb15d90,False,,Walking Workout,5b21e60989f44c1087716dc4fee59c88,iOS_app,1636754357,COMPLETE,America/New_York,,0.0,31ae007e7a7240c7828064205437909f,class,0,0,1317.0,0.0,,,1636754327,1636736327,,,,Rebecca Kennedy,2021-11-12 21:58,Friday,late night,November-21,
1636590162,home_bike_plus,1636592449.0,strength,False,False,d23da4d8d56740a5aa91c2116b99075b,False,,Strength Workout,fccfb0b9bc1043e9a0e25760f1a1d78d,home_bike,1636590651,COMPLETE,Etc/GMT+5,,0.0,31ae007e7a7240c7828064205437909f,class,0,0,2487.0,1.0,,,1636590162,1636572162,,,,Adrian & Callie ,2021-11-11 00:22,Thursday,early morning,November-21,
1636582080,iPhone,1636582982.0,meditation,False,False,0df2b832ad294228ad69fa2bad21bdc7,False,,Meditation Workout,beb104d9a5694243ad2c1726b25bbcc9,iOS_app,1636582110,COMPLETE,America/New_York,,0.0,31ae007e7a7240c7828064205437909f,class,0,0,899.0,0.0,,,1636582080,1636564080,,,"{'total_effort_points': 4.5, 'heart_rate_zone_durations': {'heart_rate_z1_duration': 889, 'heart_rate_z2_duration': 0, 'heart_rate_z3_duration': 0, 'heart_rate_z4_duration': 0, 'heart_rate_z5_duration': 0}}",Chelsea Jackson Roberts,2021-11-10 22:08,Wednesday,late night,November-21,
1636555024,iPhone,1636555054.0,yoga,False,False,d349c7185efe44b7a947c7e7a49cc95e,False,,Yoga Workout,0cade20fafa44d98a4d602b85e27a0d1,iOS_app,1636555054,COMPLETE,America/New_York,,0.0,31ae007e7a7240c7828064205437909f,class,0,0,29.0,0.0,,,1636555024,1636537024,,,"{'total_effort_points': 0.1, 'heart_rate_zone_durations': {'heart_rate_z1_duration': 16, 'heart_rate_z2_duration': 0, 'heart_rate_z3_duration': 0, 'heart_rate_z4_duration': 0, 'heart_rate_z5_duration': 0}}",Chelsea Jackson Roberts,2021-11-10 14:37,Wednesday,early afternoon,November-21,
1636247673,iPhone,1636259041.0,running,False,False,4a7b35f6dfa842c395206431daf4ea71,False,,Running Workout,99fe43b04e1b4572886ba4e6aa7229ce,iOS_app,1636247703,COMPLETE,America/New_York,,0.0,31ae007e7a7240c7828064205437909f,class,0,0,75.0,0.0,,,1636247673,1636233273,,,"{'total_effort_points': 0.9, 'heart_rate_zone_durations': {'heart_rate_z1_duration': 186, 'heart_rate_z2_duration': 0, 'heart_rate_z3_duration': 0, 'heart_rate_z4_duration': 0, 'heart_rate_z5_duration': 0}}",Kirsten Ferguson,2021-11-07 01:14,Sunday,early morning,November-21,
1636223998,iPhone,1636230293.0,running,False,False,309053f474824cd0bef33a22649af50a,False,,Running Workout,0cfe9f48b17145cdb4d0631427f2ecaa,iOS_app,1636224028,COMPLETE,America/New_York,,0.0,31ae007e7a7240c7828064205437909f,class,0,0,221.0,6.0,,,1636223998,1636209598,,,"{'total_effort_points': 0.7, 'heart_rate_zone_durations': {'heart_rate_z1_duration': 132, 'heart_rate_z2_duration': 0, 'heart_rate_z3_duration': 0, 'heart_rate_z4_duration': 0, 'heart_rate_z5_duration': 0}}",Kirsten Ferguson,2021-11-06 18:39,Saturday,evening,November-21,
1636141029,iPhone,1636141088.0,running,False,False,327e39c9c49c44fd88d6e6260277ab96,False,,Running Workout,f4ecadf2e0494ff88b347d35cf6c3794,iOS_app,1636141058,COMPLETE,America/New_York,,0.0,31ae007e7a7240c7828064205437909f,class,0,0,76.0,1.0,,,1636141029,1636126629,,,,Marina Andresen,2021-11-05 19:37,Friday,evening,November-21,
1636078874,iPhone,1636079354.0,running,False,False,aea4a01fbfc44ec39341fd382d0120d9,False,,Running Workout,a96d118fa24649998e4c8642bb76363d,iOS_app,1636078904,COMPLETE,America/New_York,,0.0,31ae007e7a7240c7828064205437909f,class,0,0,444.0,0.0,,,1636078874,1636064474,,,,Kirsten Ferguson,2021-11-05 02:21,Friday,early morning,November-21,
1636066201,iPhone,1636066621.0,running,False,False,cbba3e51c041408ca360dcb3d9ec5418,False,,Running Workout,17ed0e4653f44142ba232065a25a74d8,iOS_app,1636066231,COMPLETE,America/New_York,,0.0,31ae007e7a7240c7828064205437909f,class,0,0,416.0,1.0,,,1636066201,1636051801,,,"{'total_effort_points': 3.1, 'heart_rate_zone_durations': {'heart_rate_z1_duration': 629, 'heart_rate_z2_duration': 0, 'heart_rate_z3_duration': 0, 'heart_rate_z4_duration': 0, 'heart_rate_z5_duration': 0}}",Kirsten Ferguson,2021-11-04 22:50,Thursday,late night,November-21,
1636058839,iPhone,1636058928.0,running,False,False,78d36a77cb624025bf2e7dcf8378dc63,False,,Running Workout,dc001d7467fd48c0a519ccbaf98a032b,iOS_app,1636058868,COMPLETE,America/New_York,,0.0,31ae007e7a7240c7828064205437909f,class,0,0,79.0,4.0,,,1636058839,1636044439,,,"{'total_effort_points': 1.4, 'heart_rate_zone_durations': {'heart_rate_z1_duration': 287, 'heart_rate_z2_duration': 0, 'heart_rate_z3_duration': 0, 'heart_rate_z4_duration': 0, 'heart_rate_z5_duration': 0}}",Marina Andresen,2021-11-04 20:47,Thursday,evening,November-21,
1636048308,iPhone,1636048445.0,running,False,False,b9360ec23f3849efb9b6ea87b91443bf,False,,Running Workout,400aaaca2c0a42eebceb50df439edbfe,iOS_app,1636048338,COMPLETE,America/New_York,,0.0,31ae007e7a7240c7828064205437909f,class,0,0,88.0,0.0,,,1636048308,1636033908,,,"{'total_effort_points': 1.7, 'heart_rate_zone_durations': {'heart_rate_z1_duration': 347, 'heart_rate_z2_duration': 0, 'heart_rate_z3_duration': 0, 'heart_rate_z4_duration': 0, 'heart_rate_z5_duration': 0}}",Marina Andresen,2021-11-04 17:51,Thursday,evening,November-21,
1635987639,iPhone,1635989589.0,running,False,False,170b2f4cbc64455294bbf2a17a26b458,False,,Running Workout,9201937adf8f4fc7890f93cab846e5fc,iOS_app,1635987729,COMPLETE,America/New_York,,0.0,31ae007e7a7240c7828064205437909f,class,0,0,2035.0,2.0,,,1635987639,1635973239,,,"{'total_effort_points': 8.8, 'heart_rate_zone_durations': {'heart_rate_z1_duration': 1770, 'heart_rate_z2_duration': 0, 'heart_rate_z3_duration': 0, 'heart_rate_z4_duration': 0, 'heart_rate_z5_duration': 0}}",Kirsten Ferguson,2021-11-04 01:00,Thursday,early morning,November-21,
1635850389,iPhone,1635851528.0,running,False,False,b90c07d4ec6a424c9d7e25a8d62b6e06,False,,Running Workout,691a288068b0435ba78271158a5f0d23,iOS_app,1635850478,COMPLETE,America/New_York,,0.0,31ae007e7a7240c7828064205437909f,class,0,0,1261.0,1.0,,,1635850389,1635835989,,,,Kirsten Ferguson,2021-11-02 10:53,Tuesday,morning,November-21,
1635524362,iPhone,1635525891.0,running,False,False,9850e9d2956648c89fb201695613d74f,False,,Running Workout,c2efb41853a44bfa86f82194aa9de599,iOS_app,1635524391,COMPLETE,America/New_York,,0.0,31ae007e7a7240c7828064205437909f,class,0,0,1644.0,4.0,,,1635524362,1635509962,,,"{'total_effort_points': 7.5, 'heart_rate_zone_durations': {'heart_rate_z1_duration': 1500, 'heart_rate_z2_duration': 0, 'heart_rate_z3_duration': 0, 'heart_rate_z4_duration': 0, 'heart_rate_z5_duration': 0}}",Kirsten Ferguson,2021-10-29 16:19,Friday,early afternoon,October-21,
1635457707,iPhone,1635459282.0,running,False,False,2a473b0c63464c8db948af899674f9c1,False,,Running Workout,39801603f1a549e7882ed4b8e9e7fe7b,iOS_app,1635457766,COMPLETE,America/New_York,,0.0,31ae007e7a7240c7828064205437909f,class,0,0,1055.0,4.0,,,1635457707,1635443307,,,"{'total_effort_points': 8.1, 'heart_rate_zone_durations': {'heart_rate_z1_duration': 1617, 'heart_rate_z2_duration': 0, 'heart_rate_z3_duration': 0, 'heart_rate_z4_duration': 0, 'heart_rate_z5_duration': 0}}",Kirsten Ferguson,2021-10-28 21:48,Thursday,late night,October-21,
1635264368,iPhone,1635266888.0,bike_bootcamp,False,False,2db8b246244a43b8baa66e1097c3aee9,False,,Bike Bootcamp Workout,d0ad3400b07d4cec8585d21fa8b86896,iOS_app,1635264398,COMPLETE,America/New_York,,0.0,31ae007e7a7240c7828064205437909f,class,0,0,2531.0,4.0,,,1635264368,1635249968,,,"{'total_effort_points': 11.9, 'heart_rate_zone_durations': {'heart_rate_z1_duration': 2386, 'heart_rate_z2_duration': 0, 'heart_rate_z3_duration': 0, 'heart_rate_z4_duration': 0, 'heart_rate_z5_duration': 0}}",Callie Gullickson,2021-10-26 16:06,Tuesday,early afternoon,October-21,
1635105556,iPhone,1635107505.0,running,False,False,f20446294b70407b91c7337953f84bba,False,,Running Workout,02a4e6eb277548c6ba4bbb3ff0f8bac7,iOS_app,1635105645,COMPLETE,America/New_York,,0.0,31ae007e7a7240c7828064205437909f,class,0,0,1998.0,0.0,,,1635105556,1635091156,,,,Kirsten Ferguson,2021-10-24 19:59,Sunday,evening,October-21,
1634992733,iPhone,1634993662.0,running,False,False,804b778ef2ea4538965013dea8c5c658,False,,Running Workout,ca4decb84fdf47e2be30d08af55a885f,iOS_app,1634992762,COMPLETE,America/New_York,,0.0,31ae007e7a7240c7828064205437909f,class,0,0,951.0,3.0,,,1634992733,1634978333,,,"{'total_effort_points': 4.0, 'heart_rate_zone_durations': {'heart_rate_z1_duration': 801, 'heart_rate_z2_duration': 0, 'heart_rate_z3_duration': 0, 'heart_rate_z4_duration': 0, 'heart_rate_z5_duration': 0}}",Kirsten Ferguson,2021-10-23 12:38,Saturday,early afternoon,October-21,
1634910116,iPhone,1634913915.0,running,False,False,7887052936c6422e9b9f2904fb90f167,False,,Running Workout,2621fe85354e4a3eb50b5680a393b561,iOS_app,1634910146,COMPLETE,America/New_York,,0.0,31ae007e7a7240c7828064205437909f,class,0,0,1379.0,0.0,,,1634910116,1634895716,,,"{'total_effort_points': 6.3, 'heart_rate_zone_durations': {'heart_rate_z1_duration': 1264, 'heart_rate_z2_duration': 0, 'heart_rate_z3_duration': 0, 'heart_rate_z4_duration': 0, 'heart_rate_z5_duration': 0}}",Kirsten Ferguson,2021-10-22 13:41,Friday,early afternoon,October-21,
1634853082,iPhone,1634853892.0,running,False,False,c17e9021292a41b9ae274aa2b5a7a108,False,,Running Workout,a70f0d63573f46af98d2701d8c3a34ba,iOS_app,1634853112,COMPLETE,America/New_York,,0.0,31ae007e7a7240c7828064205437909f,class,0,0,771.0,4.0,,,1634853082,1634838682,,,,Kirsten Ferguson,2021-10-21 21:51,Thursday,late night,October-21,
1634850836,iPhone,1634851766.0,running,False,False,8b501c5764b5431ba433207a0d7e404c,False,,Running Workout,3a0f523d2fe24256bc81ef9c43ed007e,iOS_app,1634850896,COMPLETE,America/New_York,,0.0,31ae007e7a7240c7828064205437909f,class,0,0,996.0,1.0,,,1634850836,1634836436,,,"{'total_effort_points': 4.1, 'heart_rate_zone_durations': {'heart_rate_z1_duration': 827, 'heart_rate_z2_duration': 0, 'heart_rate_z3_duration': 0, 'heart_rate_z4_duration': 0, 'heart_rate_z5_duration': 0}}",Kirsten Ferguson,2021-10-21 21:13,Thursday,late night,October-21,
1634839064,iPhone,1634839693.0,yoga,False,False,57d10b2dcbe44ad8aae9863f79b61c55,False,,Yoga Workout,a81b5c45009b4d0a8908f525c89a3595,iOS_app,1634839161,COMPLETE,America/New_York,,0.0,31ae007e7a7240c7828064205437909f,class,0,0,568.0,0.0,,,1634839064,1634824664,,,"{'total_effort_points': 2.5, 'heart_rate_zone_durations': {'heart_rate_z1_duration': 490, 'heart_rate_z2_duration': 0, 'heart_rate_z3_duration': 0, 'heart_rate_z4_duration': 0, 'heart_rate_z5_duration': 0}}",Mariana Fernández,2021-10-21 17:57,Thursday,evening,October-21,
1634786549,iPhone,1634788409.0,running,False,False,6c807e4526f5418d8d0a7359296a8591,False,,Running Workout,b9463329a20f46f4b65306ba524052cd,iOS_app,1634786609,COMPLETE,America/New_York,,0.0,31ae007e7a7240c7828064205437909f,class,0,0,,,,,1634786549,1634772149,,,,Kirsten Ferguson,2021-10-21 03:22,Thursday,early morning,October-21,
1634784766,iPhone,1634785666.0,running,False,False,cd62e743fbc34824b2ccf6d1ecdc608b,False,,Running Workout,94bbec1b240f4cb293d708ef396590d6,iOS_app,1634784796,COMPLETE,America/New_York,,0.0,31ae007e7a7240c7828064205437909f,class,0,0,1003.0,4.0,,,1634784766,1634770366,,,"{'total_effort_points': 4.7, 'heart_rate_zone_durations': {'heart_rate_z1_duration': 934, 'heart_rate_z2_duration': 0, 'heart_rate_z3_duration': 0, 'heart_rate_z4_duration': 0, 'heart_rate_z5_duration': 0}}",Kirsten Ferguson,2021-10-21 02:52,Thursday,early morning,October-21,
1634687944,iPhone,1634688264.0,cycling,False,False,4ffa499d7b5b4af9abbad335d6ac147d,False,,Cycling Workout,257fcc4f342f4d399b54c219a9d1d6cc,iOS_app,1634687973,COMPLETE,America/New_York,,0.0,31ae007e7a7240c7828064205437909f,class,0,0,312.0,6.0,,,1634687944,1634673544,,,,Robin Arzón,2021-10-19 23:59,Tuesday,late night,October-21,
1634686291,iPhone,1634687135.0,cycling,False,False,b6269735b78940e5b03e6f453fc1ee63,False,,Cycling Workout,257fcc4f342f4d399b54c219a9d1d6cc,iOS_app,1634686320,COMPLETE,America/New_York,,0.0,31ae007e7a7240c7828064205437909f,class,0,0,597.0,72.0,,,1634686291,1634671891,,,,Robin Arzón,2021-10-19 23:31,Tuesday,late night,October-21,
1634517502,iPhone,1634519991.0,walking,False,False,40d7a2116d2c479f9fe7825f933e4ded,False,,Walking Workout,21f2a96819d74bfab979988716762cd0,iOS_app,1634517532,COMPLETE,America/New_York,,0.0,31ae007e7a7240c7828064205437909f,class,0,0,310.0,0.0,,,1634517502,1634503102,,,,Matty Maggiacomo,2021-10-18 00:38,Monday,early morning,October-21,
1634342327,iPhone,1634342987.0,walking,False,False,9f00dacb3af94006a91ca38987be51f8,False,,Walking Workout,d77b9f6739ae489eba4dffb23dddc8f9,iOS_app,1634342417,COMPLETE,America/New_York,,0.0,31ae007e7a7240c7828064205437909f,class,0,0,629.0,0.0,,,1634342327,1634327927,,,,Andy Speer,2021-10-15 23:58,Friday,late night,October-21,
1634122936,iPhone,1634124435.0,running,False,False,85611802c7fe423db46e8881390d4895,False,,Running Workout,15463f5f238f4b8e8f8e462e6f98a8db,iOS_app,1634122995,COMPLETE,America/New_York,,0.0,31ae007e7a7240c7828064205437909f,class,0,0,1360.0,5.0,,,1634122936,1634108536,,,,Becs Gentry,2021-10-13 11:02,Wednesday,morning,October-21,
1634048019,prism,1634048448.0,stretching,False,False,3c54323299404cf6a0d272a0db7f3be4,False,,Stretching Workout,65c67859e546445ab90e3040904d4387,home_tread,1634048020,COMPLETE,Etc/GMT+4,,0.0,31ae007e7a7240c7828064205437909f,class,0,0,428.0,0.0,,,1634048019,1634033619,,,,Kirsten Ferguson,2021-10-12 14:13,Tuesday,early afternoon,October-21,
1634046039,home_bike_plus,1634047898.0,strength,False,False,9c18dd6b646b45e08c0761654a849d9f,False,,Strength Workout,50284b07c5f049ae88533941f64ee28c,home_bike,1634046100,COMPLETE,Etc/GMT+4,,0.0,31ae007e7a7240c7828064205437909f,class,0,0,1878.0,0.0,,,1634046039,1634031639,,,,Callie Gullickson,2021-10-12 13:40,Tuesday,early afternoon,October-21,
1634043667,home_tread,1634045527.0,running,False,True,cc338dfc58904811888e528dda5b31bc,False,running,Running Workout,df67e3ebeaa14e1dbf70687b7cd4d01b,home_tread,1634043729,COMPLETE,Etc/GMT+4,,404286.91,31ae007e7a7240c7828064205437909f,class,0,0,2013.0,0.0,,,1634043667,1634029267,,,,Kirsten Ferguson,2021-10-12 13:01,Tuesday,early afternoon,October-21,
1633993278,prism,1633995060.0,running,False,True,60b4a2fb888046a3adf276dcf0af7998,False,running,Running Workout,88f808c8c0984ff3ae4cf7a72660c055,home_tread,1633993280,COMPLETE,Etc/GMT+4,,433459.78,31ae007e7a7240c7828064205437909f,class,0,0,1925.0,3.0,,,1633993278,1633978878,,,,Kirsten Ferguson,2021-10-11 23:01,Monday,late night,October-21,
1633961059,iPhone,1633961714.0,strength,False,False,9cdfea664718427d8e6576527e7b913c,False,,Strength Workout,86fd575e02584470856ba806c4e52c3b,iOS_app,1633961118,COMPLETE,America/New_York,,0.0,31ae007e7a7240c7828064205437909f,class,0,0,644.0,1.0,,,1633961059,1633946659,,,"{'total_effort_points': 2.3, 'heart_rate_zone_durations': {'heart_rate_z1_duration': 453, 'heart_rate_z2_duration': 0, 'heart_rate_z3_duration': 0, 'heart_rate_z4_duration': 0, 'heart_rate_z5_duration': 0}}",Rad Lopez,2021-10-11 14:04,Monday,early afternoon,October-21,
1633959482,iPhone,1633960777.0,strength,False,False,5bd740f4c682467eade5d78bcf560b0b,False,,Strength Workout,ae7fdb1d941149f1b464b8f86c1fa045,iOS_app,1633959571,COMPLETE,America/New_York,,0.0,31ae007e7a7240c7828064205437909f,class,0,0,1278.0,1.0,,,1633959482,1633945082,,,"{'total_effort_points': 7.1, 'heart_rate_zone_durations': {'heart_rate_z1_duration': 950, 'heart_rate_z2_duration': 136, 'heart_rate_z3_duration': 51, 'heart_rate_z4_duration': 0, 'heart_rate_z5_duration': 0}}",Daniel McKenna,2021-10-11 13:38,Monday,early afternoon,October-21,
1633665851,iPhone,1633667140.0,cardio,False,False,72fa02bae9e748888aa573136e41cb0e,False,,Cardio Workout,cfc2a10c54ab41f3af4eefdc9c01912e,iOS_app,1633665940,COMPLETE,America/New_York,,0.0,31ae007e7a7240c7828064205437909f,class,0,0,1511.0,0.0,,,1633665851,1633651451,,,,Ally & Emma ,2021-10-08 04:04,Friday,early morning,October-21,
1633665228,iPhone,1633665827.0,cardio,False,False,dc2505452920439bb44de7e1d070fe86,False,,Cardio Workout,cc3c11b784b14de380040e4cc6140a60,iOS_app,1633665317,COMPLETE,America/New_York,,0.0,31ae007e7a7240c7828064205437909f,class,0,0,596.0,0.0,,,1633665228,1633650828,,,,Callie & Jess,2021-10-08 03:53,Friday,early morning,October-21,
1633478632,iPhone,1633479412.0,cycling,False,False,b973b94122094f959d72b675495dfcff,False,,Cycling Workout,2f8106d1a6bd4110baa4eb6f12950d91,iOS_app,1633478662,COMPLETE,America/New_York,,0.0,31ae007e7a7240c7828064205437909f,class,0,0,748.0,0.0,,,1633478632,1633464232,,,"{'total_effort_points': 3.7, 'heart_rate_zone_durations': {'heart_rate_z1_duration': 743, 'heart_rate_z2_duration': 0, 'heart_rate_z3_duration': 0, 'heart_rate_z4_duration': 0, 'heart_rate_z5_duration': 0}}",Camila Ramón,2021-10-06 00:03,Wednesday,early morning,October-21,
1633478373,web,1633478630.0,cycling,False,False,7931df1110ee49b7a8092000b0a4dc7f,False,,Cycling Workout,2f8106d1a6bd4110baa4eb6f12950d91,web,1633478460,COMPLETE,America/New_York,,0.0,31ae007e7a7240c7828064205437909f,class,0,0,261.0,0.0,,,1633478373,1633463973,,,,Camila Ramón,2021-10-05 23:59,Tuesday,late night,October-21,
1633478337,iPhone,,cycling,False,False,eaaddf8bf2474e3e9be7dec2997a186d,False,,Cycling Workout,2f8106d1a6bd4110baa4eb6f12950d91,iOS_app,1633478450,COMPLETE,America/New_York,,0.0,31ae007e7a7240c7828064205437909f,class,0,0,,,,,1633478337,1633463937,,,,Camila Ramón,2021-10-05 23:58,Tuesday,late night,October-21,
1633478288,web,,cycling,False,False,14475dfc0e554979b365ff6714003e8e,False,,Cycling Workout,2f8106d1a6bd4110baa4eb6f12950d91,web,1633478288,COMPLETE,America/New_York,,0.0,31ae007e7a7240c7828064205437909f,class,0,0,57.0,10.0,,,1633478288,1633463888,,,,Camila Ramón,2021-10-05 23:58,Tuesday,late night,October-21,
1633468530,iPhone,1633468770.0,running,False,False,29e8650773aa424fa4d60fbab1092587,False,,Running Workout,f45871ec77024a1794c302e6f870693a,iOS_app,1633468620,COMPLETE,America/New_York,,0.0,31ae007e7a7240c7828064205437909f,class,0,0,235.0,1.0,,,1633468530,1633454130,,,"{'total_effort_points': 0.9, 'heart_rate_zone_durations': {'heart_rate_z1_duration': 174, 'heart_rate_z2_duration': 0, 'heart_rate_z3_duration': 0, 'heart_rate_z4_duration': 0, 'heart_rate_z5_duration': 0}}",Kirsten Ferguson,2021-10-05 21:15,Tuesday,late night,October-21,
1633466925,iPhone,1633468498.0,walking,False,False,9c51659a9e0948f8849801d02ba265da,False,,Walking Workout,02ed482c281b412e8c72c8205d5240c4,iOS_app,1633466955,COMPLETE,America/New_York,,0.0,31ae007e7a7240c7828064205437909f,class,0,0,717.0,5.0,,,1633466925,1633452525,,,"{'total_effort_points': 3.6, 'heart_rate_zone_durations': {'heart_rate_z1_duration': 726, 'heart_rate_z2_duration': 0, 'heart_rate_z3_duration': 0, 'heart_rate_z4_duration': 0, 'heart_rate_z5_duration': 0}}",Becs Gentry,2021-10-05 20:48,Tuesday,evening,October-21,
1633466586,iPhone,1633466915.0,walking,False,False,4af3db7cada245358eb30ed448034dcd,False,,Walking Workout,cc8ea6f8eb7746a3ba95eb5f8cec01fc,iOS_app,1633466676,COMPLETE,America/New_York,,0.0,31ae007e7a7240c7828064205437909f,class,0,0,321.0,1.0,,,1633466586,1633452186,,,"{'total_effort_points': 1.2, 'heart_rate_zone_durations': {'heart_rate_z1_duration': 237, 'heart_rate_z2_duration': 0, 'heart_rate_z3_duration': 0, 'heart_rate_z4_duration': 0, 'heart_rate_z5_duration': 0}}",Jess King,2021-10-05 20:43,Tuesday,evening,October-21,
1633404712,iPhone,1633405058.0,running,False,False,e29034f6191848af8b6162815be4f1c7,False,,Running Workout,66d6c5c2aced4e1f94117fbe3ec7b402,iOS_app,1633404741,COMPLETE,America/New_York,,0.0,31ae007e7a7240c7828064205437909f,class,0,0,173.0,2.0,,,1633404712,1633390312,,,,Kirsten Ferguson,2021-10-05 03:31,Tuesday,early morning,October-21,
1633403770,iPhone,1633404697.0,running,False,False,a5fd442e4a534556981ae4028cc169fe,False,,Running Workout,a5dc9f9c775e4c758f3317472c7f397c,iOS_app,1633403800,COMPLETE,America/New_York,,0.0,31ae007e7a7240c7828064205437909f,class,0,0,913.0,2.0,,,1633403770,1633389370,,,,Kirsten Ferguson,2021-10-05 03:16,Tuesday,early morning,October-21,
1633395937,iPhone,1633397137.0,running,False,False,080aeef479a04ffea3109e77bcbcae93,False,,Running Workout,25b2caac017b4a6699c4f8f4c136434e,iOS_app,1633396027,COMPLETE,America/New_York,,0.0,31ae007e7a7240c7828064205437909f,class,0,0,1351.0,2.0,,,1633395937,1633381537,,,,Kirsten Ferguson,2021-10-05 01:05,Tuesday,early morning,October-21,
1633054464,iPhone,1633055183.0,running,False,False,04cd7a5f90ef49deaa179a80cc80d389,False,,Running Workout,ed2d4f4fcc0b4286919961b4b668996f,iOS_app,1633054493,COMPLETE,America/New_York,,0.0,31ae007e7a7240c7828064205437909f,class,0,0,721.0,3.0,,,1633054464,1633040064,,,,Kirsten Ferguson,2021-10-01 02:14,Friday,early morning,October-21,
1632666077,iPhone,1632666467.0,circuit,False,False,29015f6bd73942d3b6b635c7c1f3dd57,False,,Tread Bootcamp Workout,a3cfb2032c9041229ecebf16a5e8ba8e,iOS_app,1632666107,COMPLETE,America/New_York,,0.0,31ae007e7a7240c7828064205437909f,class,0,0,397.0,0.0,,,1632666077,1632651677,,,"{'total_effort_points': 1.9, 'heart_rate_zone_durations': {'heart_rate_z1_duration': 374, 'heart_rate_z2_duration': 0, 'heart_rate_z3_duration': 0, 'heart_rate_z4_duration': 0, 'heart_rate_z5_duration': 0}}",Adrian Williams,2021-09-26 14:21,Sunday,early afternoon,September-21,
1632537466,prism,1632537790.0,running,False,True,7376a1b20441456eae895a5d88673334,False,running,Running Workout,e52a2a055ab541fa919efdfcff87cb36,home_tread,1632537527,COMPLETE,Etc/GMT+4,,15235.12,31ae007e7a7240c7828064205437909f,class,0,0,321.0,1.0,,,1632537466,1632523066,,,,Kirsten Ferguson,2021-09-25 02:37,Saturday,early morning,September-21,
1632524687,iPhone,1632525977.0,running,False,False,0c02ece394a6494ab32dad3be9cda353,False,,Running Workout,8af2793716f841de86090522641e3d5e,iOS_app,1632524777,COMPLETE,America/New_York,,0.0,31ae007e7a7240c7828064205437909f,class,0,0,1289.0,0.0,,,1632524687,1632510287,,,,Kirsten Ferguson,2021-09-24 23:04,Friday,late night,September-21,
1632449914,iPhone,1632450003.0,running,False,False,e75269ea7bf54203b6ede9e79468b5fe,False,,Running Workout,88d946d33ebd4af994921042975f917f,iOS_app,1632449973,COMPLETE,America/New_York,,0.0,31ae007e7a7240c7828064205437909f,class,0,0,85.0,4.0,,,1632449914,1632435514,,,,Kirsten Ferguson,2021-09-24 02:18,Friday,early morning,September-21,
1631975145,iPhone,1631975774.0,stretching,False,False,1d7053bcc49f45969608ff3aa8de7a01,False,,Stretching Workout,3f8303d466e448f89dd5d66d02eea63b,iOS_app,1631975175,COMPLETE,America/New_York,,0.0,31ae007e7a7240c7828064205437909f,class,0,0,596.0,1.0,,,1631975145,1631960745,,,"{'total_effort_points': 0.9, 'heart_rate_zone_durations': {'heart_rate_z1_duration': 179, 'heart_rate_z2_duration': 0, 'heart_rate_z3_duration': 0, 'heart_rate_z4_duration': 0, 'heart_rate_z5_duration': 0}}",Kirsten Ferguson,2021-09-18 14:25,Saturday,early afternoon,September-21,
1631970058,iPhone,1631970357.0,stretching,False,False,50e2b9425aa84d5c8217245cc969b8a0,False,,Stretching Workout,9d0b8e869e8e4202ad8969d79504594f,iOS_app,1631970087,COMPLETE,America/New_York,,0.0,31ae007e7a7240c7828064205437909f,class,0,0,294.0,2.0,,,1631970058,1631955658,,,,Kirsten Ferguson,2021-09-18 13:00,Saturday,early afternoon,September-21,
1631896205,iPhone,1631898064.0,running,False,False,60dda361962f47398c765b0292ce749e,False,,Running Workout,3faf40e2599947128d5c8072ddf7de1f,iOS_app,1631896265,COMPLETE,America/New_York,,0.0,31ae007e7a7240c7828064205437909f,class,0,0,1997.0,0.0,,,1631896205,1631881805,,,,Kirsten Ferguson,2021-09-17 16:30,Friday,early afternoon,September-21,
1631728831,iPhone,1631730060.0,running,False,False,d4c413f8bfc14afeb1c4ec894b49fd21,False,,Running Workout,4eb6c82023634bdda317057fb84b01cc,iOS_app,1631728890,COMPLETE,America/New_York,,0.0,31ae007e7a7240c7828064205437909f,class,0,0,1256.0,0.0,,,1631728831,1631714431,,,,Jermaine Johnson,2021-09-15 18:00,Wednesday,evening,September-21,
1631670356,iPhone,1631671526.0,running,False,False,4c8db53db8d0444ba53e866204688631,False,,Running Workout,510ed6a51c674963a377c596c4e8ff67,iOS_app,1631670416,COMPLETE,America/New_York,,0.0,31ae007e7a7240c7828064205437909f,class,0,0,1280.0,0.0,,,1631670356,1631655956,,,,Kirsten Ferguson,2021-09-15 01:45,Wednesday,early morning,September-21,
1631647846,iPhone,1631651115.0,running,False,False,1616a45f6831460794a1143564f20848,False,,Running Workout,8470738885ab404587f74b04d0cf47f3,iOS_app,1631647935,COMPLETE,America/New_York,,0.0,31ae007e7a7240c7828064205437909f,class,0,0,1430.0,0.0,,,1631647846,1631633446,,,"{'total_effort_points': 4.0, 'heart_rate_zone_durations': {'heart_rate_z1_duration': 801, 'heart_rate_z2_duration': 0, 'heart_rate_z3_duration': 0, 'heart_rate_z4_duration': 0, 'heart_rate_z5_duration': 0}}",Kirsten Ferguson,2021-09-14 19:30,Tuesday,evening,September-21,
1631443679,iPhone,1631444608.0,running,False,False,e020a8db75ed4ae1a16f104927e37100,False,,Running Workout,9061dc2593e441db8f370824a7c5a2cd,iOS_app,1631443768,COMPLETE,America/New_York,,0.0,31ae007e7a7240c7828064205437909f,class,0,0,914.0,0.0,,,1631443679,1631429279,,,"{'total_effort_points': 4.3, 'heart_rate_zone_durations': {'heart_rate_z1_duration': 853, 'heart_rate_z2_duration': 0, 'heart_rate_z3_duration': 0, 'heart_rate_z4_duration': 0, 'heart_rate_z5_duration': 0}}",Olivia Amato,2021-09-12 10:47,Sunday,morning,September-21,
1631238857,iPhone,1631240926.0,running,False,False,4b4ca525386d42179a0a49d3348ca732,False,,Running Workout,b3105c890ab4444bbab5e01a0472faf4,iOS_app,1631238946,COMPLETE,America/New_York,,0.0,31ae007e7a7240c7828064205437909f,class,0,0,2137.0,3.0,,,1631238857,1631224457,,,,Kirsten Ferguson,2021-09-10 01:54,Friday,early morning,September-21,
1630845564,iPhone,1630845623.0,running,False,False,6ca995f65eea4f0987425638702228e9,False,,Running Workout,e38c62c34e1a489cb7fbfe3e34e2d4c2,iOS_app,1630845593,COMPLETE,America/New_York,,0.0,31ae007e7a7240c7828064205437909f,class,0,0,59.0,0.0,,,1630845564,1630831164,,,,Kirsten Ferguson,2021-09-05 12:39,Sunday,early afternoon,September-21,
1630844947,home_tread,1630846260.0,running,False,True,48ddc76b97f843f2af24017bc96e1b24,False,running,Running Workout,e38c62c34e1a489cb7fbfe3e34e2d4c2,home_tread,1630845061,COMPLETE,Etc/GMT+4,,256305.24,31ae007e7a7240c7828064205437909f,class,0,0,1392.0,0.0,,,1630844947,1630830547,,,,Kirsten Ferguson,2021-09-05 12:29,Sunday,early afternoon,September-21,
1630671784,prism,1630673044.0,running,False,True,7ed2fc3b4fb64dcc8f149fffa2c28146,False,running,Running Workout,8000e63bdb5449f58853a827759e86f2,home_tread,1630671842,COMPLETE,Etc/GMT+4,,252909.43,31ae007e7a7240c7828064205437909f,class,0,0,1388.0,1.0,,,1630671784,1630657384,,,,Kirsten Ferguson,2021-09-03 12:23,Friday,early afternoon,September-21,
1630670482,prism,1630671742.0,running,False,True,1d7dd98c7a984c609c8e3230c5615f74,False,running,Running Workout,74db088355334721bd2901c6fca1d309,home_tread,1630670540,COMPLETE,Etc/GMT+4,,262773.03,31ae007e7a7240c7828064205437909f,class,0,0,1260.0,1.0,,,1630670482,1630656082,,,,Robin Arzón,2021-09-03 12:01,Friday,early afternoon,September-21,
1630623474,iPhone,1630624854.0,strength,False,False,a589858c91b1401293a91fc8d4782573,False,,Strength Workout,4b4d88ca8d8e4ca09ebf8983e67ba5fd,iOS_app,1630623684,COMPLETE,America/New_York,,0.0,31ae007e7a7240c7828064205437909f,class,0,0,1498.0,0.0,,,1630623474,1630609074,,,,Daniel McKenna,2021-09-02 22:57,Thursday,late night,September-21,
1630609171,iPad,1630610609.0,running,False,False,7e06ccc5d8804bd7a6503590183056bb,False,,Running Workout,d48f09ba13bf43a387561ef6e14d815c,iOS_app,1630609259,COMPLETE,America/New_York,,0.0,31ae007e7a7240c7828064205437909f,class,0,0,1555.0,3.0,,,1630609171,1630594771,,,,Kirsten Ferguson,2021-09-02 18:59,Thursday,evening,September-21,
1630608803,iPad,1630609155.0,walking,False,False,c5594c69a4264037815a29364dea1a2a,False,,Walking Workout,05a1b4c8420443e98b9f991d8b4f4d82,iOS_app,1630608892,COMPLETE,America/New_York,,0.0,31ae007e7a7240c7828064205437909f,class,0,0,207.0,0.0,,,1630608803,1630594403,,,,Andy Speer,2021-09-02 18:53,Thursday,evening,September-21,
1630547380,iPhone,1630548940.0,running,False,False,21c47892201f42fd89226ef280592796,False,,Running Workout,57aec75f49264b65aa9fbda4cfcf093c,iOS_app,1630547470,COMPLETE,America/New_York,,0.0,31ae007e7a7240c7828064205437909f,class,0,0,1389.0,1.0,,,1630547380,1630532980,,,,Kirsten Ferguson,2021-09-02 01:49,Thursday,early morning,September-21,
1630539478,iPhone,1630539537.0,running,False,False,333d95057832494b983fe9d81654a0e4,False,,Running Workout,7332c96081e34989b06ef8636095e16b,iOS_app,1630539508,COMPLETE,America/New_York,,0.0,31ae007e7a7240c7828064205437909f,class,0,0,59.0,0.0,,,1630539478,1630525078,,,,Marcel Dinkins,2021-09-01 23:37,Wednesday,late night,September-21,
1630538710,prism,1630540251.0,running,False,True,cf926d7f9c30428087a70fdb3734d41c,False,running,Running Workout,7332c96081e34989b06ef8636095e16b,home_tread,1630539050,COMPLETE,Etc/GMT+4,,258451.53,31ae007e7a7240c7828064205437909f,class,0,0,1699.0,1.0,,,1630538710,1630524310,,,,Marcel Dinkins,2021-09-01 23:25,Wednesday,late night,September-21,
1630537368,prism,1630538628.0,running,False,True,98bea35bbdef4294b9d712f967f87771,False,running,Running Workout,63ba88e5aa2240d1ab69823892d7f1e0,home_tread,1630537427,COMPLETE,Etc/GMT+4,,288658.37,31ae007e7a7240c7828064205437909f,class,0,0,1332.0,0.0,,,1630537368,1630522968,,,,Daniel McKenna,2021-09-01 23:02,Wednesday,late night,September-21,
1630452956,iPhone,1630453916.0,running,False,False,4cf28909dc82482ea7accf4562a3f0e1,False,,Running Workout,27a7aeb65680483c8319d97f394593eb,iOS_app,1630452986,COMPLETE,America/New_York,,0.0,31ae007e7a7240c7828064205437909f,class,0,0,1029.0,1.0,,,1630452956,1630438556,,,"{'total_effort_points': 4.5, 'heart_rate_zone_durations': {'heart_rate_z1_duration': 899, 'heart_rate_z2_duration': 0, 'heart_rate_z3_duration': 0, 'heart_rate_z4_duration': 0, 'heart_rate_z5_duration': 0}}",Daniel McKenna,2021-08-31 23:35,Tuesday,late night,August-21,
1630452403,iPhone,1630452917.0,running,False,False,88185e623d5140589dc4ee320e25ff50,False,,Running Workout,27a7aeb65680483c8319d97f394593eb,iOS_app,1630452673,COMPLETE,America/New_York,,0.0,31ae007e7a7240c7828064205437909f,class,0,0,451.0,79.0,,,1630452403,1630438003,,,"{'total_effort_points': 0.1, 'heart_rate_zone_durations': {'heart_rate_z1_duration': 14, 'heart_rate_z2_duration': 0, 'heart_rate_z3_duration': 0, 'heart_rate_z4_duration': 0, 'heart_rate_z5_duration': 0}}",Daniel McKenna,2021-08-31 23:26,Tuesday,late night,August-21,
1630412268,iPhone,1630412478.0,cycling,False,False,6d9ff5b2b4924a3dba7d771941c1bd2f,False,,Cycling Workout,bdc13da18c2f459085fde86b7214f0da,iOS_app,1630412298,COMPLETE,America/New_York,,0.0,31ae007e7a7240c7828064205437909f,class,0,0,233.0,0.0,,,1630412268,1630397868,,,,Denis Morton,2021-08-31 12:17,Tuesday,early afternoon,August-21,
1630383349,iPhone,1630384639.0,running,False,False,f28f391257ae4f128fed025424a03929,False,,Running Workout,070578b84b29409eb314cd360ea47b2d,iOS_app,1630383439,COMPLETE,America/New_York,,0.0,31ae007e7a7240c7828064205437909f,class,0,0,1397.0,0.0,,,1630383349,1630368949,,,,Kirsten Ferguson,2021-08-31 04:15,Tuesday,early morning,August-21,
1630365863,iPad,1630367449.0,running,False,False,60315c63714e472f95ef94e8a95dffa7,False,,Running Workout,a82e13e5a4c94ab3b15f0403a52de994,iOS_app,1630366253,COMPLETE,America/New_York,,149220.51,31ae007e7a7240c7828064205437909f,class,0,0,1707.0,4.0,,,1630365863,1630351463,,,,Kirsten Ferguson,2021-08-30 23:24,Monday,late night,August-21,
1629905934,iPhone,1629909594.0,circuit,False,False,636d639b73f1433dbca7151ab50d2f77,False,,Tread Bootcamp Workout,0b323d97a6184dadbceddb500a5a22fc,iOS_app,1629905994,COMPLETE,America/New_York,,0.0,31ae007e7a7240c7828064205437909f,class,5,1,,,,,1629905934,1629891534,,,,Jess Sims,2021-08-25 15:38,Wednesday,early afternoon,August-21,
1629854970,iPhone,1629857309.0,circuit,False,False,7e1afb2eb55e4a36aef75e940f0b604e,False,,Tread Bootcamp Workout,c946e5896f464c1eb44c70f355fc8a20,iOS_app,1629855029,COMPLETE,America/New_York,,0.0,31ae007e7a7240c7828064205437909f,class,2407,12,2425.0,9.0,,,1629854970,1629840570,,,"{'total_effort_points': 10.7, 'heart_rate_zone_durations': {'heart_rate_z1_duration': 2131, 'heart_rate_z2_duration': 0, 'heart_rate_z3_duration': 0, 'heart_rate_z4_duration': 0, 'heart_rate_z5_duration': 0}}",Jess Sims,2021-08-25 01:29,Wednesday,early morning,August-21,
1629131118,iPhone,1629131807.0,running,False,False,ce949677f09d44e1b0f10862a1bc5616,False,,Running Workout,0ea38a1f332e4e05bee8ad1359e7aecf,iOS_app,1629131178,COMPLETE,America/New_York,,0.0,31ae007e7a7240c7828064205437909f,class,716,2,722.0,2.0,,,1629131118,1629116718,,,,Matt Wilpers,2021-08-16 16:25,Monday,early afternoon,August-21,
1628978325,web,1628978679.0,walking,False,False,09ead1e6a7364565a8835277bfe43c6c,False,,Walking Workout,10c6475e15a74e04b7e0a76c69871987,web,1628978399,COMPLETE,America/New_York,,0.0,31ae007e7a7240c7828064205437909f,class,350,2,350.0,2.0,,,1628978325,1628963925,,,,Rebecca Kennedy,2021-08-14 21:58,Saturday,late night,August-21,
1628977053,web,1628978281.0,walking,False,False,eddf97dd7dbd43b19af632d4a6210ea7,False,,Walking Workout,59aa514074b54801992240acb901b070,web,1628977127,COMPLETE,America/New_York,,0.0,31ae007e7a7240c7828064205437909f,class,1196,3,1217.0,3.0,,,1628977053,1628962653,,,,Jess Sims,2021-08-14 21:37,Saturday,late night,August-21,
1628884601,iPhone,1628884721.0,circuit,False,False,a9ccd48fd9f34e5bb77d14d352ab37dc,False,,Tread Bootcamp Workout,9d3c5143a84841548267ee7238192f66,iOS_app,1628884691,COMPLETE,America/New_York,,0.0,31ae007e7a7240c7828064205437909f,class,91,2,88.0,1.0,,,1628884601,1628870201,,,,Jess Sims,2021-08-13 19:56,Friday,evening,August-21,
1628884488,iPhone,1628884585.0,cycling,False,False,24e10c51e3634f42b7c9ff82939e5733,False,,Cycling Workout,57b4dae0aa694c4b9ac8b9778187dbdc,iOS_app,1628884578,COMPLETE,America/New_York,,0.0,31ae007e7a7240c7828064205437909f,class,88,2,91.0,1.0,,,1628884488,1628870088,,,,Ally Love,2021-08-13 19:54,Friday,evening,August-21,
1628867241,iPhone,1628869130.0,circuit,False,False,2e338114fb6e4fcba0d2fb76d3307cbd,False,,Tread Bootcamp Workout,f9761f334ea144ffb233d82fec7ff4d3,iOS_app,1628867330,COMPLETE,America/New_York,,0.0,31ae007e7a7240c7828064205437909f,class,290,2,290.0,1.0,,,1628867241,1628852841,,,"{'total_effort_points': 1.1, 'heart_rate_zone_durations': {'heart_rate_z1_duration': 229, 'heart_rate_z2_duration': 0, 'heart_rate_z3_duration': 0, 'heart_rate_z4_duration': 0, 'heart_rate_z5_duration': 0}}",Jess Sims,2021-08-13 15:07,Friday,early afternoon,August-21,
1628866030,iPhone,1628867169.0,cycling,False,False,654b72d95ee142708db2317feb9ba72c,False,,Cycling Workout,c81e22bc213b4ae38ede03b4b9079bdf,iOS_app,1628866119,COMPLETE,America/New_York,,0.0,31ae007e7a7240c7828064205437909f,class,1156,13,1178.0,8.0,,,1628866030,1628851630,,,"{'total_effort_points': 8.0, 'heart_rate_zone_durations': {'heart_rate_z1_duration': 1607, 'heart_rate_z2_duration': 0, 'heart_rate_z3_duration': 0, 'heart_rate_z4_duration': 0, 'heart_rate_z5_duration': 0}}",Ally Love,2021-08-13 14:47,Friday,early afternoon,August-21,
1628648982,iPhone,1628649791.0,running,False,False,eecc2ed50f36439cad5ea91164843cfc,False,,Running Workout,f31fc9ceefae4b3691ed16d443a3848e,iOS_app,1628649071,COMPLETE,America/New_York,,0.0,31ae007e7a7240c7828064205437909f,class,809,0,809.0,0.0,,,1628648982,1628634582,,,,Becs Gentry,2021-08-11 02:29,Wednesday,early morning,August-21,
1626889681,iPhone,1626894654.0,walking,False,False,dbf9c24dd51e48a69ed4342e96aa6a24,False,,Walking Workout,5076b476822c4c55ad78eaef41f75706,iOS_app,1626889770,COMPLETE,America/New_York,,0.0,31ae007e7a7240c7828064205437909f,class,712,1,689.0,0.0,,,1626889681,1626875281,,,"{'total_effort_points': 3.2, 'heart_rate_zone_durations': {'heart_rate_z1_duration': 647, 'heart_rate_z2_duration': 0, 'heart_rate_z3_duration': 0, 'heart_rate_z4_duration': 0, 'heart_rate_z5_duration': 0}}",Jess Sims,2021-07-21 17:48,Wednesday,evening,July-21,
1626129603,web,1626130437.0,strength,False,False,f57687ff224c40c2a4e5536bf2bf984b,False,,Strength Workout,caa606a1cf804c51b79cd9e270efbfa7,web,1626129692,COMPLETE,America/New_York,,0.0,31ae007e7a7240c7828064205437909f,class,762,0,,,,,1626129603,1626115203,,,,Rad Lopez,2021-07-12 22:40,Monday,late night,July-21,
1626004686,web,1626006137.0,yoga,False,False,d44b3b37b1824e06bc68de87068682b1,False,,Yoga Workout,2a7d93f6daa04ccd9455133a32d653e8,web,1626004861,COMPLETE,America/New_York,,0.0,31ae007e7a7240c7828064205437909f,class,1427,3,1442.0,2.0,,,1626004686,1625990286,,,,Mariana Fernández,2021-07-11 11:58,Sunday,morning,July-21,
1625864450,iPhone,1625866310.0,cycling,False,False,0b8f9c16a00c4e589bc70b68d01cd1b4,False,,Cycling Workout,c2ee0a0dcd904138a2049395cba81606,iOS_app,1625864480,COMPLETE,America/New_York,,0.0,31ae007e7a7240c7828064205437909f,class,1885,2,1858.0,0.0,,,1625864450,1625850050,,,"{'total_effort_points': 8.3, 'heart_rate_zone_durations': {'heart_rate_z1_duration': 1664, 'heart_rate_z2_duration': 0, 'heart_rate_z3_duration': 0, 'heart_rate_z4_duration': 0, 'heart_rate_z5_duration': 0}}",Robin Arzón,2021-07-09 21:00,Friday,evening,July-21,
1625485839,home_tread,1625487699.0,circuit,False,True,e625cc8ad92b436e9898cacc6911952d,True,running,Tread Bootcamp Workout,12de78a58e294064b5456c95db9e6102,home_tread,1625485901,COMPLETE,Etc/GMT+4,,236272.33,31ae007e7a7240c7828064205437909f,class,1831,0,1979.0,1.0,,,1625485839,1625471439,,,,Jess Sims,2021-07-05 11:50,Monday,morning,July-21,
1625053881,iPhone,1625054571.0,meditation,False,False,7e6f1c519d30438090013dd37d3b6113,False,,Meditation Workout,4350a882aa4e47f2acc487c26b638dd1,iOS_app,1625053971,COMPLETE,America/New_York,,0.0,31ae007e7a7240c7828064205437909f,class,718,1,689.0,0.0,,,1625053881,1625039481,,,,Chelsea Jackson Roberts,2021-06-30 11:51,Wednesday,morning,June-21,
1624194775,home_bike_plus,1624195851.0,strength,False,False,4760981a27634768b8a3391f6ad0624f,False,,Strength Workout,e7d705480f2243db8b2b3f5ad661bdf9,home_bike,1624194952,COMPLETE,Etc/GMT+4,,0.0,31ae007e7a7240c7828064205437909f,class,1051,0,1228.0,1.0,,,1624194775,1624180375,,,,Rad Lopez,2021-06-20 13:12,Sunday,early afternoon,June-21,
1623796112,home_bike_plus,1623797451.0,strength,False,False,ccd7f735250f4e8a85dfc2914ed792d8,False,,Strength Workout,76e8f35b59454d98a06b2c13fafeeb7b,home_bike,1623796252,COMPLETE,Etc/GMT+4,,0.0,31ae007e7a7240c7828064205437909f,class,1321,0,1492.0,1.0,,,1623796112,1623781712,,,,Callie Gullickson,2021-06-15 22:28,Tuesday,late night,June-21,
1619566253,home_bike_plus,1619568051.0,yoga,False,False,2ca1394bde1140c69ac28d2d7c58dad6,False,,Yoga Workout,1f7b6247632442d9a4d3c5b58d92e7c0,home_bike,1619566255,COMPLETE,Etc/GMT+4,,0.0,31ae007e7a7240c7828064205437909f,class,1770,2,1942.0,3.0,,,1619566253,1619551853,,,,Kirra Michel,2021-04-27 23:30,Tuesday,late night,April-21,
1617878118,home_bike_plus,1617878462.0,cycling,True,True,1514e1706cdb4aa4ba6dfc0cb9376a74,False,cycling,Cycling Workout,cf48fde52b3a4e24a556eae902a4b6a0,home_bike,1617878179,COMPLETE,Etc/GMT+4,,0.0,31ae007e7a7240c7828064205437909f,class,331,0,342.0,1.0,,,1617878118,1617863718,,,,Christine D'Ercole,2021-04-08 10:35,Thursday,morning,April-21,
1617877307,home_bike_plus,1617877936.0,strength,False,False,e6eb9990a31f45f4a0bfc671b1720f08,False,,Strength Workout,828f1a3c3e784e658d010c80779cffe8,home_bike,1617877338,COMPLETE,Etc/GMT+4,,0.0,31ae007e7a7240c7828064205437909f,class,601,0,762.0,0.0,,,1617877307,1617862907,,,,Rebecca Kennedy,2021-04-08 10:21,Thursday,morning,April-21,
1616693264,home_bike_plus,1616695251.0,cycling,True,True,14f9115eaa0f4a9b848d7cf013636623,False,cycling,Cycling Workout,afa07d12c07645549273095c4ef3cfa4,home_bike,1616693452,COMPLETE,Etc/GMT+4,,161175.01,31ae007e7a7240c7828064205437909f,class,1981,0,2145.0,1.0,,,1616693264,1616678864,,,,Bradley Rose,2021-03-25 17:27,Thursday,evening,March-21,
1615989078,home_bike_plus,1615990968.0,bike_bootcamp,True,True,b621931a2c6d4c319a5e6004c341880b,True,cycling,Bike Bootcamp Workout,a900d6436d6d4d20a6d5dc462fdbf1cc,home_bike,1615989169,COMPLETE,Etc/GMT+4,,80746.94,31ae007e7a7240c7828064205437909f,class,1861,0,2008.0,0.0,,,1615989078,1615974678,,,,Tunde Oyeneyin,2021-03-17 13:51,Wednesday,early afternoon,March-21,
1615615386,home_bike_plus,1615616155.0,cycling,True,True,23479b5918d549cd9411cdffb0e44d57,False,cycling,Cycling Workout,ab815afe8f1b472fbb4e6820b3af3cd2,home_bike,1615615446,COMPLETE,Etc/GMT+5,,0.0,31ae007e7a7240c7828064205437909f,class,751,0,767.0,0.0,,,1615615386,1615597386,,,,Tunde Oyeneyin,2021-03-13 06:03,Saturday,morning,March-21,
1615473756,home_bike_plus,1615476520.0,cycling,True,True,e686c4348fd947b79304b4d4c56fd806,True,cycling,Cycling Workout,3783477e5da8413dae65908bc587c326,home_bike,1615473901,COMPLETE,Etc/GMT+5,,283644.57,31ae007e7a7240c7828064205437909f,class,2641,0,2657.0,0.0,,,1615473756,1615455756,,,,Alex & Tunde  ,2021-03-11 14:42,Thursday,early afternoon,March-21,
1644288580,iPhone,1644290430.0,walking,False,False,c2ab1a35a3334b8d9162ffbd484d6732,False,,Walking Workout,9e44c1867c92482d973f3dab031442bb,iOS_app,1644288670,COMPLETE,America/New_York,,0.0,31ae007e7a7240c7828064205437909f,class,0,0,1872.0,4.0,,,1644288580,1644270580,,,,Kirsten Ferguson,2022-02-08 02:49,Tuesday,early morning,February-22,
1644252307,iPhone,1644254149.0,walking,False,False,6e2b898372ae4fc88d1e2a4c6127f901,False,,Walking Workout,ed0bbe70df634fd49f2ca644414245ef,iOS_app,1644252337,COMPLETE,America/New_York,,0.0,31ae007e7a7240c7828064205437909f,class,0,0,1806.0,0.0,,,1644252307,1644234307,,,,Kirsten Ferguson,2022-02-07 16:45,Monday,early afternoon,February-22,
1644167604,iPhone,1644167843.0,running,False,False,1f2e20c893ac41d9882d129de801acae,False,,Running Workout,b85d01b7b1f14c619b9c4cf03c5d08a3,iOS_app,1644167633,COMPLETE,America/New_York,,0.0,31ae007e7a7240c7828064205437909f,class,0,0,239.0,0.0,,,1644167604,1644149604,,,,Marcel Dinkins,2022-02-06 17:13,Sunday,evening,February-22,
1644080937,iPhone,1644082249.0,running,False,False,e588c3bae8744615b6e3481add6cb938,False,,Running Workout,7e6ae509c2b94018816da1a2c76d6587,iOS_app,1644080937,COMPLETE,America/New_York,,0.0,31ae007e7a7240c7828064205437909f,class,0,0,,,,,1644080937,1644062937,,,,Adrian & Jess ,2022-02-05 17:08,Saturday,evening,February-22,
1644080356,prism,1644082249.0,running,False,True,a9d4fce0f7244365825a8fc1dbad4fbe,False,running,Running Workout,7e6ae509c2b94018816da1a2c76d6587,home_tread,1644080447,COMPLETE,Etc/GMT+5,,399375.88,31ae007e7a7240c7828064205437909f,class,0,0,2069.0,1.0,,,1644080356,1644062356,,,,Adrian & Jess ,2022-02-05 16:59,Saturday,early afternoon,February-22,
1643929123,iPhone,1643930413.0,running,False,False,072d348dca8543dd8f40c871632280b0,False,,Running Workout,a2104fc55d42423188b385a360d30210,iOS_app,1643929213,COMPLETE,America/New_York,,0.0,31ae007e7a7240c7828064205437909f,class,0,0,1349.0,0.0,,,1643929123,1643911123,,,,Kirsten Ferguson,2022-02-03 22:58,Thursday,late night,February-22,
1643927489,iPhone,1643928778.0,running,False,False,f8e243e94f954af6be8c5c4c6f53d520,False,,Running Workout,97ab7f6a7d2d44bd87f4decd6c5be97b,iOS_app,1643927578,COMPLETE,America/New_York,,0.0,31ae007e7a7240c7828064205437909f,class,0,0,1395.0,0.0,,,1643927489,1643909489,,,,Kirsten Ferguson,2022-02-03 22:31,Thursday,late night,February-22,
1644362650,home_bike_plus,1644364510.0,yoga,False,False,2b9136927fd643f987dbca347aa39c63,False,,Yoga Workout,139018785a814278aa8ec02a99395cb0,home_bike,1644362711,COMPLETE,Etc/GMT+5,,0.0,31ae007e7a7240c7828064205437909f,class,0,0,1949.0,1.0,,,1644362650,1644344650,,,,Mariana Fernández,2022-02-08 23:24,Tuesday,late night,February-22,
1644513586,iPhone,,running,False,False,c864d9d2b4b44b7eb3ab1d643871e0c9,False,,Running Workout,0f86e764de064e22b58a2b5ba4f5c109,iOS_app,1644513586,IN_PROGRESS,America/New_York,,0.0,31ae007e7a7240c7828064205437909f,class,0,0,,,,,1644513586,1644495586,,,,Kirsten Ferguson,2022-02-10 17:19,Thursday,evening,February-22,
1644454561,home_bike_plus,1644456650.0,cycling,True,True,7f6a9b856ca74c3eb4ffe0626430a652,False,cycling,Cycling Workout,be1fa529046042ee8be342e9929f325b,home_bike,1644454850,COMPLETE,Etc/GMT+5,,186123.97,31ae007e7a7240c7828064205437909f,class,0,0,2223.0,2.0,,,1644454561,1644436561,,,,Alex Toussaint,2022-02-10 00:56,Thursday,early morning,February-22,
1644453120,prism,1644454252.0,strength,False,False,1cc5014da155409a9c9d8f8a1f928948,False,,Strength Workout,0a707c5a78244be78013e815911f62d1,home_tread,1644453121,COMPLETE,Etc/GMT+5,,0.0,31ae007e7a7240c7828064205437909f,class,0,0,1142.0,1.0,,,1644453120,1644435120,,,,Adrian Williams,2022-02-10 00:32,Thursday,early morning,February-22,
1644452587,iPhone,1644453050.0,running,False,False,9cd99907af2c4939bdbb23191e336d1e,False,,Running Workout,78cf3bddc23347aca417594a1af8cc1f,iOS_app,1644452587,COMPLETE,America/New_York,,0.0,31ae007e7a7240c7828064205437909f,class,0,0,,,,,1644452587,1644434587,,,,Marcel Dinkins,2022-02-10 00:23,Thursday,early morning,February-22,
1644450935,prism,1644453050.0,running,False,True,bac29089a08e4a6b9956e1ca265567e2,False,running,Running Workout,78cf3bddc23347aca417594a1af8cc1f,home_tread,1644451251,COMPLETE,Etc/GMT+5,,427017.29,31ae007e7a7240c7828064205437909f,class,0,0,2174.0,0.0,,,1644450935,1644432935,,,,Marcel Dinkins,2022-02-09 23:55,Wednesday,late night,February-22,
1644433999,iPhone,1644436759.0,walking,False,False,52cfae00d2ea4b129b7d98719b9003e4,False,,Walking Workout,b4ccd724092d4ebb9bd0197c66bb9921,iOS_app,1644434029,COMPLETE,America/New_York,,0.0,31ae007e7a7240c7828064205437909f,class,0,0,1340.0,0.0,,,1644433999,1644415999,,,,Kirsten Ferguson,2022-02-09 19:13,Wednesday,evening,February-22,
