created_at,device_type,end_time,fitness_discipline,has_pedaling_metrics,has_leaderboard_metrics,id,is_total_work_personal_record,metrics_type,name,peloton_id,platform,start_time,status,timezone,title,total_work,user_id,workout_type,total_video_watch_time_seconds,total_video_buffering_seconds,v2_total_video_watch_time_seconds,v2_total_video_buffering_seconds,total_music_audio_play_seconds,total_music_audio_buffer_seconds,created,device_time_created_at,strava_id,fitbit_id,effort_zones,ride,instructor_name,workout_timestamp,workout: day of week,workout: time of day,workout: month and year
1643808398,home_bike_v1,1643810257,cycling,True,True,462e644d6e85404f801cb82a42dfcbdd,False,cycling,Cycling Workout,1bfbc8f7ccaf4a69a4c622137629c775,home_bike,1643808461,COMPLETE,UTC,,222440.8,653714cc529b490fbb5cba67887ae45b,class,0,0,2065.0,0.0,,,1643808398,1643808398,,,,,Sam Yo,2022-02-02 13:26,Wednesday,early afternoon,February-22
1643539966,home_bike_v1,1643541826,cycling,True,True,d2e27845b05c406aa2a9a64f0c07fe33,True,cycling,Cycling Workout,9fbb9929a13a4703b1b0a70559718cdd,home_bike,1643540028,COMPLETE,UTC,,252810.42,653714cc529b490fbb5cba67887ae45b,class,0,0,1969.0,0.0,,,1643539966,1643539966,,,,,Cody Rigsby,2022-01-30 10:52,Sunday,morning,January-22
1643461152,home_bike_v1,1643463912,cycling,True,True,c593f300968a4c459827a1c0772a9998,False,cycling,Cycling Workout,58b191572f264a398600936d8b184fc4,home_bike,1643461214,COMPLETE,UTC,,257189.87,653714cc529b490fbb5cba67887ae45b,class,0,0,2852.0,0.0,,,1643461152,1643461152,,,,,Mayla Wedekind,2022-01-29 12:59,Saturday,early afternoon,January-22
1643360445,iPad,1643362272,yoga,False,False,f3669f1abb314ac0a5b3701c3aefe580,False,,Yoga Workout,84565c2fa5404e5a8ad2d7f14d22ba87,iOS_app,1643360534,COMPLETE,Europe/London,,0.0,653714cc529b490fbb5cba67887ae45b,class,0,0,1823.0,1.0,,,1643360445,1643360445,,,,,Mariana Fernández,2022-01-28 09:00,Friday,morning,January-22
1643015931,iPhone,1643016019,running,False,False,74a9bc95050c49b68749a3784998e701,False,,Running Workout,fe78c422d81d4e86a3a9c99cd1f3ad74,iOS_app,1643015959,COMPLETE,Europe/London,,0.0,653714cc529b490fbb5cba67887ae45b,class,0,0,101.0,5.0,,,1643015931,1643015931,,,,,Matt Wilpers,2022-01-24 09:18,Monday,morning,January-22
1643010379,prism,1643013095,running,False,True,0707c37102ef4c59bd5ceecf93364e7b,False,running,Running Workout,a05e265f9e3c42368b6c82e6ebda7978,home_tread,1643010395,COMPLETE,UTC,,917392.03,653714cc529b490fbb5cba67887ae45b,class,0,0,2822.0,9.0,,,1643010379,1643010379,,,,,Matt Wilpers,2022-01-24 07:46,Monday,morning,January-22
1642329544,iPad,1642331427,yoga,False,False,02e595844c634c4ea6796082dac6c91b,False,,Yoga Workout,82a48ce9341d443b8aaa81b1af3e4482,iOS_app,1642329632,COMPLETE,Europe/London,,0.0,653714cc529b490fbb5cba67887ae45b,class,0,0,1870.0,6.0,,,1642329544,1642329544,,,,,Aditi Shah,2022-01-16 10:39,Sunday,morning,January-22
1642325208,prism,1642328152,running,False,True,1aebd4f2030d41aea6aa568b60c3e0ec,True,running,Running Workout,f9a3a3d0430e421fb27fe6d35000a360,home_tread,1642325449,COMPLETE,UTC,,966010.75,653714cc529b490fbb5cba67887ae45b,class,0,0,3120.0,14.0,,,1642325208,1642325208,,,,,Jermaine Johnson,2022-01-16 09:26,Sunday,morning,January-22
1641982972,iPad,1641983961,yoga,False,False,715dee17812a49d0ba1c98c6c4a14247,False,,Yoga Workout,80055ec201264dfbb187a56f4dfd29e6,iOS_app,1641983062,COMPLETE,Europe/London,,0.0,653714cc529b490fbb5cba67887ae45b,class,0,0,957.0,1.0,,,1641982972,1641982972,,,,,Aditi Shah,2022-01-12 10:22,Wednesday,morning,January-22
1641979756,prism,1641982461,running,False,True,63c91f998ec74b7fbb533e07bf690f45,False,running,Scenic Run,7145f82c29cb4688975d17f83cea03c1,home_tread,1641979760,COMPLETE,UTC,,800361.27,653714cc529b490fbb5cba67887ae45b,scenic,0,0,2707.0,0.0,2707.0,0.0,1641979756,1641979756,,,,,Scenic Run,2022-01-12 09:29,Wednesday,morning,January-22
1641923478,iPad,1641924766,yoga,False,False,aef40cd2db894ff39f0777516b9d113e,False,,Yoga Workout,c6fadf2d2cc149baa309525c411c513f,iOS_app,1641923566,COMPLETE,Europe/London,,0.0,653714cc529b490fbb5cba67887ae45b,class,0,0,1257.0,1.0,,,1641923478,1641923478,,,,,Kristin McGee,2022-01-11 17:51,Tuesday,evening,January-22
1641922709,iPad,1641923357,strength,False,False,ee1c4c715b8141b2a19d36cf9bd782d4,False,,Strength Workout,50e8257ba5f94824836a02c4f77423fe,iOS_app,1641922768,COMPLETE,Europe/London,,0.0,653714cc529b490fbb5cba67887ae45b,class,0,0,644.0,0.0,,,1641922709,1641922709,,,,,Ben Alldis,2022-01-11 17:38,Tuesday,evening,January-22
1641742298,iPad,1641744187,yoga,False,False,78784a48cc9a40fcb3de4b67569857e2,False,,Yoga Workout,627740f1b5064f60b1948c23266cefb8,iOS_app,1641742387,COMPLETE,Europe/London,,0.0,653714cc529b490fbb5cba67887ae45b,class,0,0,1918.0,1.0,,,1641742298,1641742298,,,,,Anna Greenberg,2022-01-09 15:31,Sunday,early afternoon,January-22
1641551777,iPad,1641553637,yoga,False,False,63a5bea779c64c27ae82471394f62d9e,False,,Yoga Workout,ffe61eaa9f434d3292973ad65d6c524b,iOS_app,1641551836,COMPLETE,Europe/London,,0.0,653714cc529b490fbb5cba67887ae45b,class,0,0,1858.0,1.0,,,1641551777,1641551777,,,,,Kristin McGee,2022-01-07 10:36,Friday,morning,January-22
1641551052,iPad,1641551711,strength,False,False,10aee989d9e141038c401b774b9d092c,False,,Strength Workout,859aa86eb5244d08890380592a70f7b3,iOS_app,1641551111,COMPLETE,Europe/London,,0.0,653714cc529b490fbb5cba67887ae45b,class,0,0,660.0,1.0,,,1641551052,1641551052,,,,,Matty Maggiacomo,2022-01-07 10:24,Friday,morning,January-22
1641549743,iPad,1641551027,strength,False,False,834bb04fc11844218b9ea96f4793d17d,False,,Strength Workout,fd2e465a08ef49cc9fef713d89b13412,iOS_app,1641549832,COMPLETE,Europe/London,,0.0,653714cc529b490fbb5cba67887ae45b,class,0,0,1278.0,0.0,,,1641549743,1641549743,,,,,Daniel McKenna,2022-01-07 10:02,Friday,morning,January-22
1641485336,iPad,1641486564,yoga,False,False,4eb1294bac5f4638b1173e1ba8cf68f2,False,,Yoga Workout,c30c8170ba1e4f4ca83ad5f1fcca0898,iOS_app,1641485364,COMPLETE,Europe/London,,0.0,653714cc529b490fbb5cba67887ae45b,class,0,0,1251.0,3.0,,,1641485336,1641485336,,,,,Mariana Fernández,2022-01-06 16:08,Thursday,early afternoon,January-22
1641230779,iPhone,1641232052,yoga,False,False,f44e73d9dde04f08a3d47f6f50e5d4d6,False,,Yoga Workout,63b85887cb934050812e7a2e67891b3f,iOS_app,1641230869,COMPLETE,Europe/London,,0.0,653714cc529b490fbb5cba67887ae45b,class,0,0,1269.0,0.0,,,1641230779,1641230779,,,,,Denis Morton,2022-01-03 17:26,Monday,evening,January-22
1641230718,iPhone,1641231978,yoga,False,False,c2f77b17accf40a198f0c479d14844a4,False,,Yoga Workout,26ee329c153748d1b7a21217a4db0f62,iOS_app,1641230778,COMPLETE,Europe/London,,0.0,653714cc529b490fbb5cba67887ae45b,class,0,0,14.0,0.0,,,1641230718,1641230718,,,,,Kirra Michel,2022-01-03 17:25,Monday,evening,January-22
1641119873,home_bike_v1,1641122633,cycling,True,True,89f93d8908f547509a00dcc01f7d58c0,True,cycling,Cycling Workout,04e053ca2fc2408aa3c1494a022f1476,home_bike,1641119935,COMPLETE,UTC,,357587.71,653714cc529b490fbb5cba67887ae45b,class,0,0,2784.0,50.0,,,1641119873,1641119873,,,,,Cody Rigsby,2022-01-02 10:37,Sunday,morning,January-22
1641056525,home_bike_v1,1641058385,cycling,True,True,a3f2db869c8a4401865fd7561cbe1f76,False,cycling,Cycling Workout,62c42d828b274cde83ce4a2fd9aa9185,home_bike,1641056587,COMPLETE,UTC,,205529.51,653714cc529b490fbb5cba67887ae45b,class,0,0,2025.0,0.0,,,1641056525,1641056525,,,,,Sam Yo,2022-01-01 17:02,Saturday,evening,January-22
1641054718,iPad,1641056012,yoga,False,False,76b5acb68ae34922a0763ca59f6ccff8,False,,Yoga Workout,f354ca16985d41bca0829282a1f3430a,iOS_app,1641054807,COMPLETE,Europe/London,,0.0,653714cc529b490fbb5cba67887ae45b,class,0,0,1279.0,3.0,,,1641054718,1641054718,,,,,Anna Greenberg,2022-01-01 16:31,Saturday,early afternoon,January-22
1641054629,iPad,1641055889,yoga,False,False,fb7772e190f04f78879e05587affe326,False,,Yoga Workout,cb6e9956e0c54f84bdafa000e9842891,iOS_app,1641054689,COMPLETE,Europe/London,,0.0,653714cc529b490fbb5cba67887ae45b,class,0,0,58.0,0.0,,,1641054629,1641054629,,,,,Anna Greenberg,2022-01-01 16:30,Saturday,early afternoon,January-22
1640949619,iPad,1640950548,yoga,False,False,5a757c97ae0d4e4eb04c11d2b6cd104a,False,,Yoga Workout,83fd6361bb0f44efb9da44aa613943ff,iOS_app,1640949648,COMPLETE,Europe/London,,0.0,653714cc529b490fbb5cba67887ae45b,class,0,0,933.0,1.0,,,1640949619,1640949619,,,,,Aditi Shah,2021-12-31 11:20,Friday,morning,December-21
1640948909,iPad,1640949589,strength,False,False,9d22cdf7788e4dbcb0e461edb0df7842,False,,Strength Workout,ce5aa76558c745038f615e8f7e4e7361,iOS_app,1640948998,COMPLETE,Europe/London,,0.0,653714cc529b490fbb5cba67887ae45b,class,0,0,673.0,1.0,,,1640948909,1640948909,,,,,Ben Alldis,2021-12-31 11:08,Friday,morning,December-21
1640945220,prism,1640947925,running,False,True,3e287eb823054c639546353c73bab664,False,running,Scenic Run,0d0c417d82514d21ab494aa59d2cf54a,home_tread,1640945225,COMPLETE,UTC,,831906.06,653714cc529b490fbb5cba67887ae45b,scenic,0,0,2712.0,0.0,2709.0,0.0,1640945220,1640945220,,,,,Scenic Run,2021-12-31 10:07,Friday,morning,December-21
1640943344,iPad,1640944303,yoga,False,False,ce66dfdceed8432b9c7ea476f1d61c8e,False,,Yoga Workout,77e2d2e77c82499aa894c00e54ddc588,iOS_app,1640943403,COMPLETE,Europe/London,,0.0,653714cc529b490fbb5cba67887ae45b,class,0,0,950.0,1.0,,,1640943344,1640943344,,,,,Denis Morton,2021-12-31 09:35,Friday,morning,December-21
1640855086,prism,1640857846,running,False,True,6df20391719541ca83bd2918c9d9a924,False,running,Running Workout,0956663629c34fa493ebb5c839d552b0,home_tread,1640855146,COMPLETE,UTC,,885561.76,653714cc529b490fbb5cba67887ae45b,class,0,0,2960.0,1.0,,,1640855086,1640855086,,,,,Joslyn Thompson Rule,2021-12-30 09:04,Thursday,morning,December-21
1640779143,iPad,1640780132,yoga,False,False,eac1c8ef0c17431fb0e6fde911e82f3a,False,,Yoga Workout,dd7c391272c242059ee227469e901ec8,iOS_app,1640779232,COMPLETE,Europe/London,,0.0,653714cc529b490fbb5cba67887ae45b,class,0,0,956.0,1.0,,,1640779143,1640779143,,,,,Nico Sarani,2021-12-29 11:59,Wednesday,morning,December-21
1640778374,iPad,1640779063,strength,False,False,710bf41bdac7481486c1195af21c2d1d,False,,Strength Workout,06f7e37d193b4740a2bee845239d83eb,iOS_app,1640778464,COMPLETE,Europe/London,,0.0,653714cc529b490fbb5cba67887ae45b,class,0,0,685.0,3.0,,,1640778374,1640778374,,,,,Ben Alldis,2021-12-29 11:46,Wednesday,morning,December-21
1640777680,iPad,1640778309,strength,False,False,d8cf4b8ae2e54f9e8730f6a6302047ab,False,,Strength Workout,e846726b993f4ccfb6129f10e9696dc1,iOS_app,1640777769,COMPLETE,Europe/London,,0.0,653714cc529b490fbb5cba67887ae45b,class,0,0,672.0,0.0,,,1640777680,1640777680,,,,,Ben Alldis,2021-12-29 11:34,Wednesday,morning,December-21
1640775567,prism,1640777427,running,False,True,59253a6a37d840d98aaf8371966e3489,True,running,Running Workout,ccb8c3aa042c4251a51162a8d6080c30,home_tread,1640775628,COMPLETE,UTC,,592785.5,653714cc529b490fbb5cba67887ae45b,class,0,0,2012.0,5.0,,,1640775567,1640775567,,,,,Joslyn Thompson Rule,2021-12-29 10:59,Wednesday,morning,December-21
1640601032,prism,1640602292,running,False,True,2397f0d55278452a9e852cba33f09662,False,running,Running Workout,48f0b2cbfc384c13890443db2ca1864b,home_tread,1640601093,COMPLETE,UTC,,366271.49,653714cc529b490fbb5cba67887ae45b,class,0,0,1367.0,0.0,,,1640601032,1640601032,,,,,Matt Wilpers,2021-12-27 10:30,Monday,morning,December-21
1640527454,prism,1640528114,running,False,True,3a017512bdc148ecb407c4f20f96de6e,True,running,Running Workout,7bc811764c5d48aea8934cafd662875b,home_tread,1640527515,COMPLETE,UTC,,36038.69,653714cc529b490fbb5cba67887ae45b,class,0,0,840.0,5.0,,,1640527454,1640527454,,,,,Susie Chan,2021-12-26 14:04,Sunday,early afternoon,December-21
1640258140,iPad,1640260029,yoga,False,False,58d96f597d554bbe9bddcc1ba1cf2c4e,False,,Yoga Workout,f8b9c3df1e924494bb702c1f3f4495c6,iOS_app,1640258229,COMPLETE,Europe/London,,0.0,653714cc529b490fbb5cba67887ae45b,class,0,0,1855.0,1.0,,,1640258140,1640258140,,,,,Denis Morton,2021-12-23 11:15,Thursday,morning,December-21
1640172113,prism,1640173973,running,False,True,5e6b3e5143e5443c84964fc13bdb3c94,False,running,Running Workout,c419604885d74af2806234d311675442,home_tread,1640172171,COMPLETE,UTC,,579367.59,653714cc529b490fbb5cba67887ae45b,class,0,0,2009.0,42.0,,,1640172113,1640172113,,,,,Jermaine Johnson,2021-12-22 11:21,Wednesday,morning,December-21
1640102433,prism,1640103083,walking,False,True,fed238b01c4148efabdf8f41bcae4121,True,running,Walking Workout,b82a4fb5c56448208786969b0f4921f0,home_tread,1640102480,COMPLETE,UTC,,58313.68,653714cc529b490fbb5cba67887ae45b,class,0,0,656.0,5.0,,,1640102433,1640102433,,,,,Susie Chan,2021-12-21 16:00,Tuesday,early afternoon,December-21
1638190420,prism,1638192280,running,False,True,e5b686a5f8fc4dd7b04d1318ca74b9ea,False,running,Running Workout,fccb44abea844c0cb94dd700cbef3123,home_tread,1638190481,COMPLETE,UTC,,557173.02,653714cc529b490fbb5cba67887ae45b,class,0,0,1888.0,1.0,,,1638190420,1638190420,,,,,Jermaine Johnson,2021-11-29 12:53,Monday,early afternoon,November-21
1638188702,prism,1638189962,running,False,True,4f33cea2100849f6a9ab052fc10abb00,True,running,Running Workout,94658fb237244711af2c900cc01d06b3,home_tread,1638188763,COMPLETE,UTC,,391603.99,653714cc529b490fbb5cba67887ae45b,class,0,0,1460.0,6.0,,,1638188702,1638188702,,,,,Joslyn Thompson Rule,2021-11-29 12:25,Monday,early afternoon,November-21
1637784850,iPhone,1637786108,running,False,False,10a1e138a408408b9b7b59d5437a3c34,False,,Running Workout,ae0d94b836c44958b44a94844c78c002,iOS_app,1637784879,COMPLETE,Europe/London,,0.0,653714cc529b490fbb5cba67887ae45b,class,0,0,1193.0,5.0,,,1637784850,1637784850,,,,,Susie Chan,2021-11-24 20:14,Wednesday,evening,November-21
1637578185,iPhone,1637578275,walking,False,False,e53d3f1eb8f64ad096ca384fce9bc1e0,False,,Walking Workout,dfc813234343468ba73718a110cc4ad1,iOS_app,1637578215,COMPLETE,Europe/London,,0.0,653714cc529b490fbb5cba67887ae45b,class,0,0,169.0,11.0,,,1637578185,1637578185,,,,,Susie Chan,2021-11-22 10:49,Monday,morning,November-21
1637577821,iPhone,1637577880,running,False,False,1c512ab81b164573981c58267ccc9607,False,,Running Workout,029e17e6113143539aeb85909c679bfc,iOS_app,1637577851,COMPLETE,Europe/London,,0.0,653714cc529b490fbb5cba67887ae45b,class,0,0,145.0,15.0,,,1637577821,1637577821,,,,,Susie Chan,2021-11-22 10:43,Monday,morning,November-21
1637577516,iPhone,1637577605,running,False,False,497e2d5c724d45eeac9779073f96171f,False,,Running Workout,5cf2575507fe4a7495b21ae6e2d8ba0d,iOS_app,1637577545,COMPLETE,Europe/London,,0.0,653714cc529b490fbb5cba67887ae45b,class,0,0,165.0,17.0,,,1637577516,1637577516,,,,,Susie Chan,2021-11-22 10:38,Monday,morning,November-21
1637423119,iPhone,1637423489,running,False,False,0f53780285074830ad41f18508834c9e,False,,Running Workout,fefec11554504d8882a4326e915ddb7b,iOS_app,1637423148,COMPLETE,Europe/London,,0.0,653714cc529b490fbb5cba67887ae45b,class,0,0,360.0,6.0,,,1637423119,1637423119,,,,,Marina Andresen,2021-11-20 15:45,Saturday,early afternoon,November-21
1637233303,iPhone,1637233527,running,False,False,48be6236d97a4ec997d3d17ddf9900c9,False,,Running Workout,94dea7ee414e4c99a2aa6d1f6b5fac06,iOS_app,1637233363,COMPLETE,Europe/London,,0.0,653714cc529b490fbb5cba67887ae45b,class,0,0,221.0,0.0,,,1637233303,1637233303,,,,,Marina Andresen,2021-11-18 11:01,Thursday,morning,November-21
1636787972,prism,1636789377,running,False,True,b3deee3c2f9e42e599c4fb60c0792f75,False,running,Scenic Run,0c027956e94242af85a1dad7d348fe84,home_tread,1636787974,COMPLETE,UTC,,459590.71,653714cc529b490fbb5cba67887ae45b,scenic,0,0,2002.0,10.0,2012.0,0.0,1636787972,1636787972,,,,,Scenic Run,2021-11-13 07:19,Saturday,morning,November-21
1636716192,iPhone,1636716221,running,False,False,bd15ca4eadb746ff863fa29f80733ff0,False,,Running Workout,46d7ceb643114930947c3a745c363b60,iOS_app,1636716221,COMPLETE,Europe/London,,0.0,653714cc529b490fbb5cba67887ae45b,class,0,0,29.0,0.0,,,1636716192,1636716192,,,,,Robin Arzón,2021-11-12 11:23,Friday,morning,November-21
1636653086,iPhone,1636654887,running,False,False,c8afc1d68a5449fa80bf3d4c75315ade,False,,Running Workout,0db9f92ce8ae4cfdb66f411cf602620f,iOS_app,1636653087,COMPLETE,Europe/London,,0.0,653714cc529b490fbb5cba67887ae45b,class,0,0,25.0,0.0,,,1636653086,1636653086,,,,,Matt Wilpers,2021-11-11 17:51,Thursday,evening,November-21
1636553493,prism,1636555353,running,False,True,a6f493b0a8764de0b4366de9a8d88281,False,running,Running Workout,772340c587de46daa30aa8b1de9078b9,home_tread,1636553551,COMPLETE,UTC,,544186.38,653714cc529b490fbb5cba67887ae45b,class,0,0,2049.0,0.0,,,1636553493,1636553493,,,,,Joslyn Thompson Rule,2021-11-10 14:11,Wednesday,early afternoon,November-21
1635667000,prism,1635668860,running,False,True,7ef91e210f954d1e93a020fe8810ad89,False,running,Scenic Run,d18ae0824c8049b4bd53742c36430089,home_tread,1635667059,COMPLETE,UTC,,537635.8,653714cc529b490fbb5cba67887ae45b,scenic,0,0,1947.0,0.0,,,1635667000,1635667000,,,,,Jess Sims,2021-10-31 07:56,Sunday,morning,October-21
1635580806,prism,1635583566,running,False,True,84d8ba42d2c946a793c3275dee064fd6,False,running,Running Workout,1513e131fe304e9ebe58cba4b274a85a,home_tread,1635580867,COMPLETE,Etc/GMT-1,,864392.34,653714cc529b490fbb5cba67887ae45b,class,0,0,2882.0,0.0,,,1635580806,1635584406,,,,,Becs Gentry,2021-10-30 08:00,Saturday,morning,October-21
1635355663,iPhone,1635357072,running,False,False,15c6377cfe2044c584af848c2d55544d,False,,Running Workout,216b62be9e3f406d887437e4ef805ee9,iOS_app,1635355872,COMPLETE,Europe/London,,0.0,653714cc529b490fbb5cba67887ae45b,class,0,0,1435.0,0.0,,,1635355663,1635359263,,,,,Jon Hosking,2021-10-27 17:27,Wednesday,evening,October-21
1635145491,prism,1635146693,running,False,True,1ebdb41bb04b43deaac1346947c26f0e,False,running,Scenic Run,83d6621d6b8d4a64aa7e02c4afd5e2da,home_tread,1635145493,COMPLETE,Etc/GMT-1,,459582.49,653714cc529b490fbb5cba67887ae45b,scenic,0,0,1273.0,0.0,1273.0,0.0,1635145491,1635149091,,,,,Scenic Run,2021-10-25 07:04,Monday,morning,October-21
1635082643,iPhone,1635083483,running,False,False,21759a83b7dd4f6497613e8895debfac,False,,Running Workout,b9c8096518874b27a48ed144c80b5e86,iOS_app,1635082673,COMPLETE,Europe/London,,0.0,653714cc529b490fbb5cba67887ae45b,class,0,0,837.0,0.0,,,1635082643,1635086243,,,,,Joslyn Thompson Rule,2021-10-24 13:37,Sunday,early afternoon,October-21
1634996131,iPhone,1634997147,running,False,False,86b7c04776da45ff9b3ef890cd9d790c,False,,Running Workout,f2923bfabf734a5289f281e52e2d365b,iOS_app,1634996187,COMPLETE,Europe/London,,0.0,653714cc529b490fbb5cba67887ae45b,class,0,0,1094.0,67.0,,,1634996131,1634999731,,,,,Jon Hosking,2021-10-23 13:35,Saturday,early afternoon,October-21
1634995756,iPhone,1634997051,running,False,False,036e02f976e5445eb3ca57abf27075e9,False,,Running Workout,f2923bfabf734a5289f281e52e2d365b,iOS_app,1634995850,COMPLETE,Europe/London,,0.0,653714cc529b490fbb5cba67887ae45b,class,0,0,14.0,45.0,,,1634995756,1634999356,,,,,Jon Hosking,2021-10-23 13:29,Saturday,early afternoon,October-21
1634904896,iPhone,1634905576,walking,False,False,f031af3dfb174208a3cb1d575d960e15,False,,Walking Workout,46629210211845afac1e0c8abc436d50,iOS_app,1634904985,COMPLETE,Europe/London,,0.0,653714cc529b490fbb5cba67887ae45b,class,0,0,675.0,0.0,,,1634904896,1634908496,,,,,Susie Chan,2021-10-22 12:14,Friday,early afternoon,October-21
1634902957,iPhone,1634904830,running,False,False,cfa60ef519634a10aeba63356a4839ba,False,,Running Workout,a66d110bb84f48d0b4d70a274777b85e,iOS_app,1634903047,COMPLETE,Europe/London,,0.0,653714cc529b490fbb5cba67887ae45b,class,0,0,1866.0,0.0,,,1634902957,1634906557,,,,,Susie Chan,2021-10-22 11:42,Friday,morning,October-21
1634902874,iPhone,1634903534,running,False,False,b7355dd8030f4ff48265309432f4a966,False,,Running Workout,03397e6997a14a818a132fd5945d7646,iOS_app,1634902934,COMPLETE,Europe/London,,0.0,653714cc529b490fbb5cba67887ae45b,class,0,0,57.0,0.0,,,1634902874,1634906474,,,,,Susie Chan,2021-10-22 11:41,Friday,morning,October-21
1634902819,iPhone,1634904679,running,False,False,5c97fa666ca54b59892834ab577858c6,False,,Running Workout,ff79d4c7d1634830801134c958f4d509,iOS_app,1634902879,COMPLETE,Europe/London,,0.0,653714cc529b490fbb5cba67887ae45b,class,0,0,27.0,0.0,,,1634902819,1634906419,,,,,Susie Chan,2021-10-22 11:40,Friday,morning,October-21
1634714889,iPhone,1634716178,yoga,False,False,bea55b664a7447218dbfe7742926c404,False,,Yoga Workout,c671b7310a6b44fab18f4afe1f4e1380,iOS_app,1634714978,COMPLETE,Europe/London,,0.0,653714cc529b490fbb5cba67887ae45b,class,0,0,1307.0,1.0,,,1634714889,1634718489,,,,,Kirra Michel,2021-10-20 07:28,Wednesday,morning,October-21
1634281735,iPad,1634283024,yoga,False,False,1a7e178f96774e82b014caaacdc19b3f,False,,Yoga Workout,53ebb15a995c4b32aae951f0ae08e4b0,iOS_app,1634281824,COMPLETE,Europe/London,,0.0,653714cc529b490fbb5cba67887ae45b,class,0,0,1256.0,0.0,,,1634281735,1634285335,,,,,Chelsea Jackson Roberts,2021-10-15 07:08,Friday,morning,October-21
1634203652,iPhone,1634203830,running,False,False,9879dfedaccb42e596570507bbb31afa,False,,Running Workout,e9b20902bae74347896d9b1439e52ac4,iOS_app,1634203712,COMPLETE,Europe/London,,0.0,653714cc529b490fbb5cba67887ae45b,class,0,0,154.0,17.0,,,1634203652,1634207252,,,,,Susie Chan,2021-10-14 09:27,Thursday,morning,October-21
1633501242,prism,1633503102,running,False,True,f4bba02915934d46add0feb5eb2f0c07,False,running,Running Workout,364b2a95540c442a9b0d705dd73a226d,home_tread,1633501302,COMPLETE,Etc/GMT-1,,571174.95,653714cc529b490fbb5cba67887ae45b,class,0,0,2027.0,5.0,,,1633501242,1633504842,,,,,Jermaine Johnson,2021-10-06 06:20,Wednesday,morning,October-21
1632931174,iPhone,1632932463,running,False,False,1daf9f5da358452d8889393d5e433326,False,,Running Workout,fdc5c1443fc34bee9a411d03ead2d174,iOS_app,1632931263,COMPLETE,Europe/London,,0.0,653714cc529b490fbb5cba67887ae45b,class,0,0,1327.0,0.0,,,1632931174,1632934774,,,,,Tobias Heinze,2021-09-29 15:59,Wednesday,early afternoon,September-21
1632750690,prism,1632750961,running,False,False,afc7026bfd6d45e29648f6fd62921b01,False,running,Running Workout,,home_tread,1632750692,COMPLETE,Europe/London,4 min 29 sec Just Run,34566.77,653714cc529b490fbb5cba67887ae45b,freestyle,0,0,265.0,0.0,,,1632750690,1632754290,,,,"{'id': '00000000000000000000000000000000', 'is_archived': False, 'instructor': {'name': 'JUST RIDE', 'image_url': 'https://s3.amazonaws.com/peloton-ride-images/just-ride.png'}, 'title': '4 min 29 sec Just Run', 'scheduled_start_time': 1632750690, 'duration': 269}",freestyle,2021-09-27 13:51,Monday,early afternoon,September-21
1632741458,prism,1632742989,running,False,True,5b0ea4fdde364ee4981a6036d42de3c7,False,running,Scenic Run,bf48879fb1ab4b21abebaa1591e87d93,home_tread,1632741459,COMPLETE,Etc/GMT-1,,459583.54,653714cc529b490fbb5cba67887ae45b,scenic,0,0,2137.0,0.0,2137.0,0.0,1632741458,1632745058,,,,,Scenic Run,2021-09-27 11:17,Monday,morning,September-21
1632469710,prism,1632470939,running,False,True,be5b8f4a842940238ae90d57615a9696,False,running,Scenic Run,18018ee2efe24a8c867e906d1980619c,home_tread,1632469712,COMPLETE,Etc/GMT-1,,459651.52,653714cc529b490fbb5cba67887ae45b,scenic,0,0,1837.0,0.0,1836.0,0.0,1632469710,1632473310,,,,,Scenic Run,2021-09-24 07:48,Friday,morning,September-21
1632419437,iPhone,1632419496,running,False,False,6db5808a802444808154803ec01c74f9,False,,Running Workout,ddd8b18423804b5fa1fdf512fb7939d9,iOS_app,1632419466,COMPLETE,Europe/London,,0.0,653714cc529b490fbb5cba67887ae45b,class,0,0,22.0,6.0,,,1632419437,1632423037,,,,,Susie Chan,2021-09-23 17:50,Thursday,evening,September-21
1631883660,iPhone,1631884829,running,False,False,da4d7419689045c082384d926ff49938,False,,Running Workout,56109282681d4d66826309f2d5b97bfe,iOS_app,1631883689,COMPLETE,Europe/London,,0.0,653714cc529b490fbb5cba67887ae45b,class,0,0,1346.0,1.0,,,1631883660,1631887260,,,,,Jermaine Johnson,2021-09-17 13:01,Friday,early afternoon,September-21
1631814966,iPad,1631816465,running,False,False,bdfe0cb0ee804cb3a40071db62c06c6e,False,,Running Workout,6962e1b6779142798b111eb3499081e4,iOS_app,1631815266,COMPLETE,Europe/London,,0.0,653714cc529b490fbb5cba67887ae45b,class,0,0,1600.0,0.0,,,1631814966,1631818566,,,,,Susie Chan,2021-09-16 17:56,Thursday,evening,September-21
1631728581,prism,1631730051,running,False,True,0a36ee2bc7914751be3e1c6399073fc0,False,running,Running Workout,4eb6c82023634bdda317057fb84b01cc,home_tread,1631728852,COMPLETE,Etc/GMT-1,,317585.48,653714cc529b490fbb5cba67887ae45b,class,0,0,1604.0,29.0,,,1631728581,1631732181,,,,,Jermaine Johnson,2021-09-15 17:56,Wednesday,evening,September-21
1631642164,home_bike_v1,1631644251,cycling,True,True,450afe7607af4ed29b3bfc43adf3d0ed,False,cycling,Cycling Workout,a27779d68dd244cd8450b9d21af2a32d,home_bike,1631642453,COMPLETE,Etc/GMT-1,,163241.75,653714cc529b490fbb5cba67887ae45b,class,0,0,2271.0,1.0,,,1631642164,1631645764,,,,,Leanne Hainsby,2021-09-14 17:56,Tuesday,evening,September-21
1631630278,prism,1631631712,running,False,True,ad5118ef7ff646028da987b8ee759f38,True,running,Scenic Run,aac81b4eafba44fc9aecaf3f9cc28cff,home_tread,1631630281,COMPLETE,Etc/GMT-1,,469948.04,653714cc529b490fbb5cba67887ae45b,scenic,0,0,1473.0,0.0,1473.0,0.0,1631630278,1631633878,,,,,Scenic Run,2021-09-14 14:37,Tuesday,early afternoon,September-21
1631443996,prism,1631445298,running,False,False,41f5ab03b4944fd9be939814ee93127b,False,running,Running Workout,,home_tread,1631443997,COMPLETE,Europe/London,21 min 41 sec Just Run,266980.06,653714cc529b490fbb5cba67887ae45b,freestyle,0,0,,,,,1631443996,1631447596,,,,"{'id': '00000000000000000000000000000000', 'is_archived': False, 'instructor': {'name': 'JUST RIDE', 'image_url': 'https://s3.amazonaws.com/peloton-ride-images/just-ride.png'}, 'title': '21 min 41 sec Just Run', 'scheduled_start_time': 1631443996, 'duration': 1301}",freestyle,2021-09-12 10:53,Sunday,morning,September-21
1631039173,iPhone,1631039322,running,False,False,eb90daeb61544323bfdeb3c440d2d0c0,False,,Running Workout,c920329d100649a7b367ff0c071e79a7,iOS_app,1631039202,COMPLETE,Europe/London,,0.0,653714cc529b490fbb5cba67887ae45b,class,0,0,178.0,0.0,,,1631039173,1631042773,,,,,Jess Sims,2021-09-07 18:26,Tuesday,evening,September-21
1629874823,prism,1629874979,running,False,True,c7a3f9ccc699479cb9f6351f5061895b,False,running,Running Workout,b963a496f2584654b2e98a5920bdd1a0,home_tread,1629874884,COMPLETE,Etc/GMT-1,,10654.32,653714cc529b490fbb5cba67887ae45b,class,150,1,151.0,1.0,,,1629874823,1629878423,,,,,Matt Wilpers,2021-08-25 07:00,Wednesday,morning,August-21
1628495193,prism,1628497053,running,False,True,3e481aa717e84e1f8ad86f5cba95e643,False,running,Running Workout,b493d0f4f16e47f58e6334a5a469845b,home_tread,1628495254,COMPLETE,Etc/GMT-1,,495059.35,653714cc529b490fbb5cba67887ae45b,class,1831,0,1960.0,0.0,,,1628495193,1628498793,,,,,Matt Wilpers,2021-08-09 07:46,Monday,morning,August-21
1627991180,iPhone,1627992829,running,False,False,fb78ef7f16b44122890a07aabd68c2f0,False,,Running Workout,898a063fb7cf4598ad415431a6baa9a0,iOS_app,1627991269,COMPLETE,Europe/London,,0.0,653714cc529b490fbb5cba67887ae45b,class,1708,9,1700.0,6.0,,,1627991180,1627994780,,,,,Matt Wilpers,2021-08-03 11:46,Tuesday,morning,August-21
1627990438,iPhone,1627991128,running,False,False,34008b241b2541468a6ac46cedaa7b4c,False,,Running Workout,b29b75df50f641cd99f7df8ee3395e31,iOS_app,1627990528,COMPLETE,Europe/London,,0.0,653714cc529b490fbb5cba67887ae45b,class,697,8,692.0,9.0,,,1627990438,1627994038,,,,,Becs Gentry,2021-08-03 11:33,Tuesday,morning,August-21
1624545502,iPhone,1624545823,stretching,False,False,5ecddf9390ff4a7ab3f51c1a35e882f2,False,,Stretching Workout,ab4015f1d0654268bd43a0b2accf06c0,iOS_app,1624545531,COMPLETE,Europe/London,,0.0,653714cc529b490fbb5cba67887ae45b,class,321,1,299.0,0.0,,,1624545502,1624549102,,,,,Jess King,2021-06-24 14:38,Thursday,early afternoon,June-21
1624543852,iPhone,1624544541,running,False,False,e3283da8109649858967d0d9682144b3,False,,Running Workout,3e2843e5317c4304a44790eb8e884616,iOS_app,1624543942,COMPLETE,Europe/London,,0.0,653714cc529b490fbb5cba67887ae45b,class,688,1,688.0,0.0,,,1624543852,1624547452,,,,,Becs Gentry,2021-06-24 14:10,Thursday,early afternoon,June-21
1624393223,iPhone,1624393549,stretching,False,False,6eccb954351940379bbbc9730d123dc4,False,,Stretching Workout,e17ff4967a5442d986d8a03d6f49943a,iOS_app,1624393252,COMPLETE,Europe/London,,0.0,653714cc529b490fbb5cba67887ae45b,class,324,3,298.0,0.0,,,1624393223,1624396823,,,,,Jess Sims,2021-06-22 20:20,Tuesday,evening,June-21
1623681591,iPhone,1623682881,walking,False,False,6948f1cef70d427395e427132f00fc81,False,,Walking Workout,80cbc147068e46edad857dd56c889930,iOS_app,1623681681,COMPLETE,Europe/London,,0.0,653714cc529b490fbb5cba67887ae45b,class,1336,2,1318.0,0.0,,,1623681591,1623685191,,,,,Selena Samuela,2021-06-14 14:39,Monday,early afternoon,June-21
1622539522,iPhone,1622540198,yoga,False,False,db797725bd7f4ea38a5a23d21b4ce556,False,,Yoga Workout,5bdb581ad3884cc997547970207e00b5,iOS_app,1622539612,COMPLETE,Europe/London,,0.0,653714cc529b490fbb5cba67887ae45b,class,659,1,669.0,1.0,,,1622539522,1622543122,,,,,Mariana Fernández,2021-06-01 09:25,Tuesday,morning,June-21
1622539379,iPhone,1622539510,yoga,False,False,01b5e6c900674b72940663a5f17bde18,False,,Yoga Workout,6fad130aa1114a14b00c39128ea86ab0,iOS_app,1622539468,COMPLETE,Europe/London,,0.0,653714cc529b490fbb5cba67887ae45b,class,119,1,128.0,0.0,,,1622539379,1622542979,,,,,Ross Rayburn,2021-06-01 09:22,Tuesday,morning,June-21
1622388517,home_bike_v1,1622388599,cycling,True,True,2b687e852dcc4b1a97ce89d56e8ca17c,False,cycling,Cycling Workout,07c3697a629d402c9fe3fb69a65c532a,home_bike,1622388580,COMPLETE,Etc/GMT-1,,456.92,653714cc529b490fbb5cba67887ae45b,class,61,0,79.0,1.0,,,1622388517,1622392117,,,,,Jess King,2021-05-30 15:28,Sunday,early afternoon,May-21
1622023962,iPhone,1622025251,running,False,False,52a5752871a945e9966c3aa2fb123f77,False,,Running Workout,4e863f1c03ab4a2987427f27fccff9ba,iOS_app,1622024051,COMPLETE,Europe/London,,0.0,653714cc529b490fbb5cba67887ae45b,class,1377,2,1377.0,0.0,,,1622023962,1622027562,,,,,Becs Gentry,2021-05-26 10:12,Wednesday,morning,May-21
1621439241,home_bike_v1,1621439901,strength,False,False,5bc7c90387ae468199c69158a77f997e,False,,Strength Workout,9343405979804c76872602e250b5bfdd,home_bike,1621439303,COMPLETE,Etc/GMT-1,,0.0,653714cc529b490fbb5cba67887ae45b,class,631,0,720.0,0.0,,,1621439241,1621442841,,,,,Alex Toussaint,2021-05-19 15:47,Wednesday,early afternoon,May-21
1621437948,home_bike_v1,1621439100,cycling,True,True,97de1a5d501e47078e59c8c053bed465,True,cycling,Cycling Workout,2bdfb6edb85b41ef86b3dc6a270e8b80,home_bike,1621437951,COMPLETE,Etc/GMT-1,,107878.37,653714cc529b490fbb5cba67887ae45b,class,1141,0,1249.0,2.0,,,1621437948,1621441548,,,,,Cody Rigsby,2021-05-19 15:25,Wednesday,early afternoon,May-21
1621421170,iPhone,1621422459,running,False,False,26611c8f87ea496da9665ea48afc714f,False,,Running Workout,218fbcbc2bc64d0c8d76b01d1ab5afec,iOS_app,1621421259,COMPLETE,Europe/London,,0.0,653714cc529b490fbb5cba67887ae45b,class,1379,1,1379.0,0.0,,,1621421170,1621424770,,,,,Becs Gentry,2021-05-19 10:46,Wednesday,morning,May-21
1621248568,iPhone,1621249857,running,False,False,2e07d0a92e54448da12960b84ba9e180,False,,Running Workout,d12a9d04640d468a84b5ec3371cc878e,iOS_app,1621248657,COMPLETE,Europe/London,,0.0,653714cc529b490fbb5cba67887ae45b,class,1348,1,1319.0,0.0,,,1621248568,1621252168,,,,,Robin Arzón,2021-05-17 10:49,Monday,morning,May-21
1619605442,iPhone,1619605501,walking,False,False,99702035455241f0a2991f87c2f837f4,False,,Walking Workout,1141c1fd5eb94f0388eb29666dfad941,iOS_app,1619605471,COMPLETE,Europe/London,,0.0,653714cc529b490fbb5cba67887ae45b,class,81,2,81.0,1.0,,,1619605442,1619609042,,,,,Olivia Amato,2021-04-28 10:24,Wednesday,morning,April-21
1619604111,iPhone,1619605400,walking,False,False,c6b56335f2eb4eaaa4695040326fd2c8,False,,Walking Workout,4f9cd7bd4f8e495e82398d5e60aa52c4,iOS_app,1619604200,COMPLETE,Europe/London,,0.0,653714cc529b490fbb5cba67887ae45b,class,1307,2,1307.0,0.0,,,1619604111,1619607711,,,,,Olivia Amato,2021-04-28 10:01,Wednesday,morning,April-21
1619428232,iPhone,1619430241,running,False,False,7ebba46ba9a141058e32bde9f6d456c6,False,,Running Workout,a06e555f2a5741e3a9f6c3ce37d8d4fc,iOS_app,1619428321,COMPLETE,Europe/London,,0.0,653714cc529b490fbb5cba67887ae45b,class,2060,4,2060.0,2.0,,,1619428232,1619431832,,,,,Olivia Amato,2021-04-26 09:10,Monday,morning,April-21
1619346456,iPhone,1619346906,running,False,False,bd96eed860c84331af68e2125b73c26a,False,,Running Workout,0287df0db0ca488aabf0794779aae72d,iOS_app,1619346545,COMPLETE,Europe/London,,0.0,653714cc529b490fbb5cba67887ae45b,class,459,85,452.0,76.0,,,1619346456,1619350056,,,,,Becs Gentry,2021-04-25 10:27,Sunday,morning,April-21
1619001796,iPhone,1619001855,running,False,False,3ad7277c31c2436f96b528a3d2cf32f4,False,,Running Workout,26535625221a43e89e72ef09c6b9c0df,iOS_app,1619001826,COMPLETE,Europe/London,,0.0,653714cc529b490fbb5cba67887ae45b,class,55,4,56.0,0.0,,,1619001796,1619005396,,,,,Andy Speer,2021-04-21 10:43,Wednesday,morning,April-21
1618999763,iPhone,1619001652,running,False,False,b71eda0d62294779940464dff16eaad0,False,,Running Workout,0ca08c54a069425fae4e2dda3f4f9639,iOS_app,1618999853,COMPLETE,Europe/London,,0.0,653714cc529b490fbb5cba67887ae45b,class,1977,2,1977.0,0.0,,,1618999763,1619003363,,,,,Andy Speer,2021-04-21 10:09,Wednesday,morning,April-21
1618823841,iPhone,1618825130,running,False,False,c122145f682d47c7a9b2ff4829ff1ca3,False,,Running Workout,0f67109c7e0d4641b5f01e2a4e334ef1,iOS_app,1618823931,COMPLETE,Europe/London,,0.0,653714cc529b490fbb5cba67887ae45b,class,1375,4,1386.0,1.0,,,1618823841,1618827441,,,,,Jess Sims,2021-04-19 09:17,Monday,morning,April-21
1618823832,web,1618825092,running,False,False,5285ba4303124ef8a749ee7e21f9c5c0,False,,Running Workout,aab139d93815480681169a97ccea464b,web,1618823892,COMPLETE,Europe/London,,0.0,653714cc529b490fbb5cba67887ae45b,class,0,0,,,,,1618823832,1618827432,,,,,Jess Sims,2021-04-19 09:17,Monday,morning,April-21
1618672068,iPhone,1618673507,running,False,False,43fff66ccabd474a934a7fe781c74fa4,False,,Running Workout,56d4299dee6344d7b2a85398d2d9497a,iOS_app,1618672158,COMPLETE,Europe/London,,0.0,653714cc529b490fbb5cba67887ae45b,class,1400,31,1374.0,29.0,,,1618672068,1618675668,,,,,Matty Maggiacomo,2021-04-17 15:07,Saturday,early afternoon,April-21
1618484636,iPhone,1618485896,running,False,False,ef87e1e18796443ea164d4d7223d6546,False,,Running Workout,6af3ec03f7d947feab92367675b1fc35,iOS_app,1618484696,COMPLETE,Europe/London,,0.0,653714cc529b490fbb5cba67887ae45b,class,23,6,23.0,5.0,,,1618484636,1618488236,,,,,Rebecca Kennedy,2021-04-15 11:03,Thursday,morning,April-21
1618483148,iPhone,1618484467,running,False,False,f5d45d5e0a8a47f8bfeb1f11e7f5c75f,False,,Running Workout,f6da45a6f5d142f78f50901ef9d9fed7,iOS_app,1618483239,COMPLETE,Europe/London,,0.0,653714cc529b490fbb5cba67887ae45b,class,1393,3,1394.0,0.0,,,1618483148,1618486748,,,,,Rebecca Kennedy,2021-04-15 10:39,Thursday,morning,April-21
1618400206,iPhone,1618400296,running,False,False,07f0ba865c96456097347173d7af1a61,False,,Running Workout,bdd7287e609b49a4b26729342f29b666,iOS_app,1618400236,COMPLETE,Europe/London,,0.0,653714cc529b490fbb5cba67887ae45b,class,175,12,175.0,8.0,,,1618400206,1618403806,,,,,Andy Speer,2021-04-14 11:36,Wednesday,morning,April-21
1618398200,iPhone,1618399730,running,False,False,8d606887577a4a54930681224af3f846,False,,Running Workout,00fc1c85cbdd414f8d5ee4213142f2dc,iOS_app,1618398290,COMPLETE,Europe/London,,0.0,653714cc529b490fbb5cba67887ae45b,class,1500,88,1550.0,84.0,,,1618398200,1618401800,,,,,Andy Speer,2021-04-14 11:03,Wednesday,morning,April-21
1644138032,prism,1644141637,running,False,True,4b00269e1d8649fab5f31afe4f518537,True,running,Scenic Run,1fe9bdccd589416f9c18fd8a97f30b41,home_tread,1644138037,COMPLETE,UTC,,1240485.77,653714cc529b490fbb5cba67887ae45b,scenic,0,0,3619.0,0.0,3619.0,0.0,1644138032,1644138032,,,,,Scenic Run,2022-02-06 09:00,Sunday,morning,February-22
